5.3613,197.32,155.97,-11.457,5.7286,-2.3196,200,186.85,164.37,0,-0.15522,-19.999,405.36,175.3,160.01,2.728,1.0004,-0.0076653,-0.51732,160.17,155.86,8.7039,-2.6116,11.338,200,146.68,166.15,0,-4.0758e-06,0.36014
4.7753,197.61,155.84,-11.72,5.8601,-2.6126,200,186.84,163.35,0,-0.16046,-19.999,405.48,175.35,160.01,2.4652,0.904,-0.0081602,-0.08085,160.03,156.45,8.7293,-2.6192,11.786,200,146.63,166.21,0,-1,1.189
4.1776,197.91,155.7,-11.954,5.9772,-2.8991,200,186.84,162.33,0,-0.16558,-19.999,405.59,175.39,160.01,2.1964,0.80542,-0.008635,0.35581,159.9,157.06,8.7333,-2.6204,12.205,200,146.58,166.27,0,-1,1.3751
3.5696,198.22,155.54,-12.159,6.0797,-3.1786,200,186.83,161.31,0,-0.17062,-19.999,405.69,175.43,160.01,1.9222,0.70486,-0.0090887,0.79161,159.77,157.69,8.7158,-2.6152,12.595,200,146.53,166.35,0,-1,1.5578
2.9529,198.52,155.37,-12.334,6.1672,-3.4502,200,186.82,160.3,0,-0.17558,-19.999,405.77,175.46,160.01,1.6432,0.60257,-0.0095201,1.2255,159.64,158.34,8.677,-2.6035,12.953,200,146.48,166.44,0,-1,1.7368
2.3289,198.84,155.18,-12.479,6.2396,-3.7134,200,186.81,159.28,0,-0.18048,-19.999,405.84,175.48,160.01,1.3603,0.49881,-0.0099282,1.6563,159.51,159,8.6169,-2.5855,13.28,200,146.43,166.53,0,-1,1.9114
1.6992,199.15,154.98,-12.594,6.2968,-3.9675,200,186.8,158.27,0,-0.18532,-19.999,405.89,175.5,160.01,1.0739,0.39382,-0.010312,2.0831,159.38,159.68,8.5357,-2.5611,13.574,200,146.38,166.64,0,-1,2.0814
1.0654,199.47,154.77,-12.677,6.3384,-4.2118,200,186.79,157.27,0,-0.19013,-19.999,405.93,175.51,160.01,0.78501,0.28786,-0.01067,2.5048,159.26,160.37,8.4335,-2.5305,13.835,200,146.33,166.75,0,-1,2.2462
0.42894,199.79,154.55,-12.729,6.3646,-4.4459,200,186.78,156.26,0,-0.19491,-19.999,405.95,175.52,160.01,0.49414,0.1812,-0.011003,2.9203,159.13,161.08,8.3106,-2.4936,14.062,200,146.28,166.87,0,-1,2.4056
-0.20857,200.1,154.32,-12.75,6.3751,-4.669,200,186.77,155.26,0,-0.19967,-19.999,405.96,175.53,160.01,0.20206,0.074097,-0.011308,3.3287,159.01,161.79,8.1674,-2.4506,14.255,200,146.23,167,0,-1,2.559
-0.84556,200.42,154.07,-12.74,6.37,-4.8807,200,186.76,154.26,0,-0.20444,-19.999,405.96,175.53,160.01,-0.090508,-0.033189,-0.011585,3.7289,158.89,162.51,8.0041,-2.4016,14.412,200,146.18,167.13,0,-1,2.7062
-1.4805,200.74,153.82,-12.698,6.3492,-5.0804,200,186.75,153.26,0,-0.20883,-19.962,405.94,175.52,160,-0.38286,-0.14039,-0.011834,4.1199,158.77,163.24,7.8212,-2.3468,14.534,200,146.13,167.28,0,-1,2.8467
-2.1118,201.06,153.55,-12.626,6.3129,-5.2676,200,186.74,152.26,0,-0.2127,-19.877,405.91,175.51,160,-0.67427,-0.24726,-0.012054,4.5009,158.66,163.97,7.6191,-2.2861,14.621,200,146.08,167.43,0,-1,2.9803
-2.7379,201.37,153.28,-12.522,6.2611,-5.4419,200,186.73,151.28,0,-0.21606,-19.743,405.86,175.49,160,-0.96403,-0.35351,-0.012245,4.8708,158.55,164.7,7.3984,-2.2199,14.672,200,146.03,167.58,0,-1,3.1065
-3.3573,201.68,153,-12.388,6.194,-5.6029,200,186.72,150.3,0,-0.21889,-19.56,405.8,175.47,160,-1.2514,-0.4589,-0.012405,5.2288,158.44,165.43,7.1594,-2.1482,14.686,200,145.98,167.74,0,-1,3.2251
-3.9685,201.98,152.71,-12.223,6.1116,-5.7501,200,186.71,149.33,0,-0.22118,-19.33,405.72,175.44,160,-1.5357,-0.56316,-0.012536,5.5739,158.34,166.17,6.903,-2.0712,14.665,200,145.93,167.91,0,-1,3.3359
-4.5699,202.28,152.42,-12.029,6.0143,-5.8833,200,186.69,148.38,0,-0.22292,-19.052,405.63,175.4,160,-1.8163,-0.66604,-0.012635,5.9054,158.24,166.9,6.6296,-1.9892,14.608,200,145.88,168.08,0,-1,3.4384
-5.1601,202.58,152.12,-11.804,5.9022,-6.002,200,186.68,147.44,0,-0.22412,-18.727,405.52,175.37,160,-2.0924,-0.76729,-0.012703,6.2224,158.14,167.62,6.3399,-1.9023,14.515,200,145.83,168.26,0,-1,3.5325
-5.7377,202.87,151.81,-11.551,5.7757,-6.106,200,186.67,146.53,0,-0.22477,-18.356,405.41,175.32,160,-2.3634,-0.86665,-0.01274,6.5241,158.05,168.34,6.0347,-1.8107,14.386,200,145.78,168.44,0,-1,3.6179
-6.3012,203.15,151.5,-11.27,5.635,-6.195,200,186.66,145.63,0,-0.22487,-17.941,405.27,175.27,160,-2.6286,-0.96389,-0.012746,6.8099,157.97,169.05,5.7147,-1.7147,14.222,200,145.73,168.62,0,-1,3.6945
-6.8492,203.42,151.19,-10.961,5.4804,-6.2688,200,186.65,144.75,0,-0.22442,-17.481,405.13,175.22,160,-2.8873,-1.0588,-0.012721,7.0789,157.89,169.76,5.3807,-1.6145,14.023,200,145.68,168.81,0,-1,3.762
-7.3805,203.69,150.88,-10.625,5.3125,-6.3272,200,186.64,143.91,0,-0.22342,-16.978,404.97,175.16,160,-3.1389,-1.151,-0.012665,7.3306,157.81,170.44,5.0335,-1.5103,13.79,200,145.63,169,0,-1,3.8203
-7.8936,203.95,150.56,-10.263,5.1315,-6.3701,200,186.63,143.08,0,-0.22187,-16.434,404.8,175.1,160,-3.3829,-1.2405,-0.012577,7.5643,157.74,171.12,4.6739,-1.4024,13.523,200,145.58,169.2,0,-1,3.8692
-8.3874,204.19,150.24,-9.8757,4.9379,-6.3974,200,186.62,142.29,0,-0.21977,-15.85,404.62,175.04,160,-3.6185,-1.3269,-0.012458,7.7794,157.68,171.78,4.3029,-1.2911,13.223,200,145.53,169.39,0,-1,3.9086
-8.8606,204.43,149.92,-9.4643,4.7322,-6.4091,200,186.61,141.53,0,-0.21714,-15.226,404.43,174.96,160,-3.8453,-1.4101,-0.01231,7.9755,157.62,172.43,3.9213,-1.1766,12.89,200,145.48,169.59,0,-1,3.9385
-9.3121,204.66,149.6,-9.0297,4.5149,-6.4049,200,186.59,140.8,0,-0.21397,-14.566,404.23,174.89,160,-4.0627,-1.4898,-0.01213,8.152,157.56,173.05,3.5301,-1.0592,12.526,200,145.43,169.79,0,-1,3.9586
-9.7408,204.87,149.28,-8.573,4.2865,-6.3851,200,186.58,140.11,0,-0.21028,-13.869,404.01,174.81,160,-4.2701,-1.5658,-0.011921,8.3085,157.52,173.66,3.1302,-0.93923,12.131,200,145.38,169.99,0,-1,3.9691
-10.146,205.07,148.96,-8.0952,4.0476,-6.3497,200,186.57,139.45,0,-0.20608,-13.139,403.79,174.73,159.99,-4.467,-1.638,-0.011683,8.4446,157.48,174.24,2.7227,-0.81695,11.706,200,145.33,170.18,0,-1,3.9698
-10.525,205.26,148.64,-7.5975,3.7988,-6.2986,200,186.56,138.83,0,-0.20136,-12.376,403.56,174.64,159.99,-4.6529,-1.7062,-0.011416,8.56,157.44,174.81,2.3085,-0.69266,11.253,200,145.28,170.38,0,-1,3.9608
-10.879,205.44,148.33,-7.0813,3.5406,-6.2321,200,186.55,138.25,0,-0.19616,-11.583,403.32,174.56,159.99,-4.8275,-1.7702,-0.011122,8.6545,157.41,175.35,1.8886,-0.56668,10.771,200,145.23,170.58,0,-1,3.9421
-11.207,205.6,148.03,-6.5476,3.2738,-6.1503,200,186.54,137.72,0,-0.19047,-10.762,403.07,174.46,159.99,-4.9902,-1.8299,-0.0108,8.7277,157.39,175.86,1.4641,-0.43931,10.264,200,145.18,170.77,0,-1,3.9137
-11.507,205.75,147.72,-5.9979,2.999,-6.0535,200,186.54,137.22,0,-0.18432,-9.9141,402.81,174.37,159.99,-5.1406,-1.8851,-0.010451,8.7795,157.38,176.35,1.036,-0.31086,9.7314,200,145.13,170.97,0,-1,3.8757
-11.778,205.89,147.43,-5.4335,2.7168,-5.9418,200,186.53,136.77,0,-0.17771,-9.042,402.55,174.27,159.99,-5.2785,-1.9356,-0.010077,8.8098,157.37,176.8,0.60539,-0.18165,9.1749,200,145.08,171.16,0,-1,3.8282
-12.021,206.01,147.13,-4.8558,2.4279,-5.8155,200,186.52,136.36,0,-0.17067,-8.1477,402.28,174.17,159.99,-5.4034,-1.9814,-0.0096779,8.8184,157.36,177.23,0.17327,-0.051991,8.5959,200,145.03,171.35,0,-1,3.7714
-12.235,206.12,146.85,-4.2662,2.1331,-5.6749,200,186.51,136,0,-0.16321,-7.2334,402,174.07,159.99,-5.5151,-2.0224,-0.0092552,8.8055,157.37,177.63,-0.25927,0.077794,7.9958,200,144.98,171.53,0,-1,3.7052
-12.418,206.21,146.57,-3.6661,1.833,-5.5205,200,186.5,135.68,0,-0.15535,-6.3014,401.72,173.97,159.99,-5.6132,-2.0584,-0.0088099,8.7709,157.38,178,-0.69118,0.20739,7.3761,200,144.93,171.71,0,-1,3.63
-12.571,206.29,146.31,-3.057,1.5285,-5.3525,200,186.49,135.42,0,-0.14711,-5.3539,401.44,173.87,159.99,-5.6976,-2.0893,-0.0083429,8.7148,157.4,178.34,-1.1214,0.33647,6.7383,200,144.88,171.89,0,-1,3.5459
-12.693,206.35,146.05,-2.4404,1.2202,-5.1714,200,186.49,135.2,0,-0.1385,-4.3933,401.15,173.76,159.99,-5.768,-2.1151,-0.0078555,8.6374,157.42,178.64,-1.5489,0.46473,6.084,200,144.83,172.06,0,-1,3.4531
-12.784,206.39,145.8,-1.8178,0.9089,-4.9776,200,186.48,135.03,0,-0.12956,-3.4219,400.86,173.65,159.99,-5.8242,-2.1358,-0.0073488,8.5388,157.45,178.91,-1.9725,0.59185,5.4148,200,144.78,172.23,0,-1,3.3518
-12.843,206.42,145.56,-1.1908,0.59538,-4.7715,200,186.48,134.9,0,-0.1203,-2.4422,400.56,173.55,159.99,-5.8662,-2.1511,-0.0068241,8.4192,157.48,179.15,-2.3913,0.71752,4.7323,200,144.73,172.39,0,-1,3.2423
-12.871,206.44,145.33,-0.56081,0.2804,-4.5538,200,186.47,134.83,0,-0.11075,-1.4564,400.27,173.44,159.99,-5.8938,-2.1613,-0.0062827,8.279,157.53,179.35,-2.8043,0.84143,4.0382,200,144.68,172.55,0,-1,3.1249
-12.868,206.43,145.12,0.07052,-0.03526,-4.3249,200,186.46,134.81,0,-0.10092,-0.46708,399.97,173.33,159.99,-5.9069,-2.1661,-0.0057258,8.1185,157.57,179.52,-3.2104,0.96328,3.3341,200,144.63,172.7,0,-1,2.9997
-12.833,206.42,144.91,0.70168,-0.35084,-4.0854,200,186.46,134.83,0,-0.090847,0.52339,399.68,173.22,159.99,-5.9056,-2.1656,-0.0051549,7.938,157.63,179.65,-3.6086,1.0828,2.622,200,144.58,172.84,0,-1,2.8673
-12.766,206.38,144.72,1.3311,-0.66556,-3.8359,200,186.46,134.91,0,-0.08055,1.5126,399.38,173.11,159.99,-5.8897,-2.1598,-0.0045714,7.7381,157.69,179.75,-3.998,1.1996,1.9033,200,144.53,172.98,0,-1,2.7278
-12.668,206.33,144.54,1.9573,-0.97864,-3.577,200,186.45,135.03,0,-0.070055,2.4981,399.09,173.01,159.99,-5.8594,-2.1487,-0.0039767,7.5193,157.75,179.81,-4.3775,1.3135,1.18,200,144.48,173.11,0,-1,2.5816
-12.539,206.27,144.38,2.5787,-1.2893,-3.3093,200,186.45,135.21,0,-0.059389,3.4774,398.8,172.9,159.99,-5.8148,-2.1323,-0.0033722,7.2819,157.83,179.83,-4.7463,1.4241,0.45385,200,144.43,173.23,0,-1,2.429
-12.379,206.19,144.23,3.1937,-1.5969,-3.0335,200,186.45,135.43,0,-0.048577,4.4482,398.51,172.79,159.99,-5.7559,-2.1107,-0.0027594,7.0268,157.9,179.81,-5.1035,1.5313,-0.27346,200,144.38,173.34,0,-1,2.2705
-12.189,206.09,144.09,3.8009,-1.9005,-2.7502,200,186.45,135.7,0,-0.037646,5.4082,398.23,172.69,159.99,-5.6828,-2.0839,-0.0021399,6.7544,157.98,179.76,-5.4482,1.6347,-1.0001,200,144.33,173.45,0,-1,2.1065
-11.97,205.98,143.96,4.3988,-2.1994,-2.4603,200,186.44,136.02,0,-0.026623,6.3548,397.95,172.59,159.99,-5.5958,-2.052,-0.0015151,6.4654,158.07,179.68,-5.7795,1.7341,-1.7243,200,144.28,173.55,0,-1,1.9373
-11.72,205.86,143.86,4.9859,-2.493,-2.1642,200,186.44,136.38,0,-0.015534,7.2859,397.67,172.49,159.99,-5.4952,-2.0151,-0.00088658,6.1605,158.16,179.56,-6.0966,1.8293,-2.4442,200,144.23,173.63,0,-1,1.7633
-11.442,205.72,143.76,5.5608,-2.7804,-1.8629,200,186.44,136.79,0,-0.0044072,8.1991,397.4,172.39,159.99,-5.381,-1.9732,-0.0002559,5.8406,158.26,179.4,-6.3988,1.92,-3.1582,200,144.18,173.71,0,-1,1.585
-11.136,205.57,143.69,6.122,-3.061,-1.557,200,186.44,137.25,0,0.0067304,9.0922,397.14,172.29,159.99,-5.2536,-1.9265,0.0003754,5.5063,158.36,179.2,-6.6853,2.0059,-3.8644,200,144.13,173.78,0,-1,1.4028
-10.803,205.4,143.62,6.6683,-3.3341,-1.2473,200,186.44,137.74,0,0.017852,9.963,396.88,172.2,159.99,-5.1134,-1.8751,0.0010058,5.1586,158.46,178.98,-6.9553,2.087,-4.5611,200,144.08,173.85,0,-1,1.2172
-10.443,205.22,143.58,7.1981,-3.5991,-0.93448,200,186.45,138.29,0,0.028929,10.809,396.64,172.11,159.99,-4.9606,-1.819,0.0016337,4.7982,158.57,178.71,-7.2084,2.1629,-5.2467,200,144.03,173.9,0,-1,1.0286
-10.057,205.03,143.55,7.7103,-3.8552,-0.6194,200,186.45,138.87,0,0.039935,11.629,396.4,172.02,159.99,-4.7956,-1.7585,0.0022576,4.426,158.68,178.42,-7.4437,2.2335,-5.9193,200,143.98,173.95,0,-1,1
-9.6471,204.82,143.53,8.2036,-4.1018,-0.30281,200,186.45,139.49,0,0.050844,12.42,396.17,171.93,159.99,-4.6189,-1.6937,0.002876,4.0429,158.8,178.09,-7.6608,2.2986,-6.5775,200,143.93,174,0,-1,1
-9.2132,204.61,143.53,8.6768,-4.3384,0.014526,200,186.45,140.15,0,0.061627,13.181,395.94,171.85,159.99,-4.4308,-1.6248,0.0034873,3.65,158.91,177.73,-7.8591,2.3581,-7.2195,200,143.88,174.05,0,-1,1
-8.7568,204.38,143.55,9.1287,-4.5644,0.33183,200,186.46,140.84,0,0.07226,13.91,395.73,171.78,159.99,-4.2319,-1.5518,0.0040901,3.2481,159.04,177.34,-8.0382,2.4118,-7.8438,200,143.83,174.1,0,-1,1
-8.2789,204.14,143.58,9.5583,-4.7791,0.64831,200,186.46,141.57,0,0.082715,14.604,395.53,171.7,159.99,-4.0226,-1.4751,0.0046828,2.8382,159.16,176.91,-8.1975,2.4597,-8.4489,200,143.78,174.15,0,-1,1
-7.7806,203.89,143.63,9.9643,-4.9822,0.96321,200,186.47,142.34,0,0.092968,15.263,395.34,171.63,159.99,-3.8035,-1.3947,0.005264,2.4214,159.28,176.46,-8.3367,2.5014,-9.0333,200,143.73,174.2,0,-1,1
-7.2633,203.63,143.69,10.346,-5.173,1.2757,200,186.47,143.13,0,0.10299,15.884,395.16,171.57,159.99,-3.575,-1.3109,0.0058324,1.9986,159.41,175.98,-8.4555,2.5371,-9.5955,200,143.68,174.25,0,-1,1
-6.7282,203.36,143.77,10.702,-5.3511,1.5851,200,186.48,143.95,0,0.11276,16.466,395,171.51,159.99,-3.3377,-1.2239,0.0063864,1.5709,159.54,175.48,-8.5535,2.5665,-10.134,200,143.63,174.3,0,-1,1
-6.1766,203.09,143.87,11.032,-5.5161,1.8907,200,186.48,144.8,0,0.12226,17.008,394.84,171.45,159.99,-3.0923,-1.1339,0.0069248,1.1394,159.67,174.94,-8.6305,2.5896,-10.648,200,143.58,174.35,0,-1,1
-5.6099,202.8,143.98,11.335,-5.6676,2.1915,200,186.49,145.68,0,0.13146,17.508,394.7,171.4,159.99,-2.8392,-1.0412,0.0074462,0.70507,159.8,174.39,-8.6864,2.6064,-11.136,200,143.53,174.4,0,-1,1
-5.0293,202.51,144.1,11.61,-5.8052,2.4871,200,186.5,146.58,0,0.14033,17.965,394.57,171.35,159.99,-2.5793,-0.94581,0.0079493,0.26902,159.93,173.81,-8.721,2.6167,-11.596,200,143.48,174.45,0,-1,1
-4.4365,202.22,144.24,11.857,-5.9285,2.7765,200,186.5,147.5,0,0.14886,18.379,394.45,171.31,159.99,-2.3129,-0.84815,0.0084329,-0.16769,160.06,173.21,-8.7342,2.6207,-12.028,200,143.43,174.5,0,-1,1
-3.8327,201.92,144.39,12.075,-6.0373,3.0591,200,186.51,148.43,0,0.15702,18.747,394.35,171.27,159.99,-2.041,-0.74842,0.0088959,-0.60399,160.19,172.58,-8.726,2.6182,-12.431,200,143.38,174.55,0,-1,1
-3.2196,201.61,144.56,12.263,-6.1313,3.3342,200,186.52,149.39,0,0.1648,19.069,394.26,171.24,159.99,-1.764,-0.64684,0.009337,-1.0388,160.32,171.94,-8.6964,2.6093,-12.803,200,143.33,174.6,0,-1,1
-2.5986,201.3,144.74,12.421,-6.2103,3.6011,200,186.53,150.35,0,0.17217,19.344,394.19,171.21,159.99,-1.4826,-0.54368,0.0097553,-1.4711,160.45,171.29,-8.6454,2.5941,-13.143,200,143.28,174.65,0,-1,1
-1.9712,200.99,144.93,12.548,-6.274,3.8592,200,186.54,151.33,0,0.17913,19.572,394.13,171.19,159.99,-1.1977,-0.43919,0.01015,-1.8997,160.58,170.61,-8.5732,2.5724,-13.451,200,143.23,174.7,0,-1,1
-1.3389,200.67,145.14,12.645,-6.3224,4.1078,200,186.55,152.32,0,0.18564,19.752,394.09,171.17,159.99,-0.90979,-0.33362,0.010519,-2.3237,160.71,169.93,-8.4801,2.5444,-13.727,200,143.18,174.75,0,-1,1
-0.70342,200.35,145.35,12.71,-6.3552,4.3463,200,186.56,153.31,0,0.1917,19.883,394.05,171.16,159.99,-0.61967,-0.22723,0.010863,-2.742,160.83,169.23,-8.3661,2.5102,-13.968,200,143.13,174.8,0,-1,1
-0.066175,200.03,145.58,12.745,-6.3725,4.5742,200,186.57,154.31,0,0.19729,19.966,394.04,171.15,159.99,-0.32803,-0.12029,0.01118,-3.1536,160.96,168.52,-8.2316,2.4699,-14.176,200,143.08,174.85,0,-1,1
0.57123,199.71,145.82,12.748,-6.3741,4.7909,200,186.58,155.31,0,0.20238,19.999,394.04,171.15,159.99,-0.035581,-0.013047,0.011469,-3.5575,161.08,167.8,-8.0769,2.4235,-14.349,200,143.03,174.9,0,-1,1
1.2072,199.4,146.07,12.72,-6.3601,4.9958,200,186.59,156.31,0,0.20699,19.984,394.05,171.16,160,0.25695,0.094225,0.011731,-3.9526,161.2,167.08,-7.9024,2.3711,-14.486,200,142.98,174.95,0,-1,1
1.8403,199.08,146.33,12.661,-6.3305,5.1885,200,186.6,157.31,0,0.21109,19.919,394.08,171.17,160,0.54886,0.20127,0.011963,-4.338,161.31,166.35,-7.7085,2.3129,-14.588,200,142.93,175,0,-1,1
2.4688,198.77,146.6,12.571,-6.2853,5.3684,200,186.61,158.3,0,0.21467,19.806,394.12,171.18,160,0.83942,0.30781,0.012167,-4.7128,161.42,165.62,-7.4957,2.2491,-14.654,200,142.88,175.05,0,-1,1
3.0913,198.45,146.88,12.45,-6.2248,5.5352,200,186.62,159.28,0,0.21773,19.644,394.17,171.2,160,1.1279,0.41361,0.01234,-5.076,161.53,164.88,-7.2646,2.1797,-14.684,200,142.83,175.1,0,-1,1
3.7062,198.15,147.16,12.298,-6.149,5.6884,200,186.63,160.25,0,0.22025,19.434,394.25,171.23,160,1.4137,0.51839,0.012483,-5.4268,161.64,164.15,-7.0156,2.105,-14.679,200,142.78,175.15,0,-1,1
4.312,197.84,147.45,12.116,-6.0581,5.8276,200,186.64,161.21,0,0.22223,19.177,394.33,171.26,160,1.6959,0.62189,0.012596,-5.7643,161.74,163.42,-6.7494,2.0252,-14.637,200,142.73,175.2,0,-1,1
4.9072,197.55,147.75,11.905,-5.9523,5.9526,200,186.65,162.15,0,0.22367,18.872,394.43,171.3,160,1.974,0.72387,0.012678,-6.0876,161.84,162.69,-6.4667,1.9403,-14.559,200,142.68,175.25,0,-1,1
5.4904,197.25,148.05,11.664,-5.832,6.063,200,186.66,163.08,0,0.22456,18.521,394.54,171.34,160,2.2473,0.82408,0.012728,-6.396,161.93,161.97,-6.1681,1.8507,-14.446,200,142.63,175.3,0,-1,1
6.0602,196.97,148.36,11.395,-5.6973,6.1585,200,186.67,163.99,0,0.22489,18.125,394.67,171.38,160,2.515,0.92227,0.012748,-6.6887,162.02,161.25,-5.8544,1.7566,-14.297,200,142.58,175.35,0,-1,1
6.615,196.69,148.67,11.097,-5.5487,6.2388,200,186.69,164.87,0,0.22468,17.684,394.81,171.44,160,2.7766,1.0182,0.012736,-6.9651,162.1,160.55,-5.5263,1.6582,-14.113,200,142.53,175.4,0,-1,1
7.1537,196.42,148.99,10.773,-5.3865,6.3039,200,186.7,165.73,0,0.22391,17.2,394.96,171.49,160,3.0314,1.1116,0.012693,-7.2243,162.18,159.85,-5.1846,1.5557,-13.895,200,142.48,175.45,0,-1,1
7.6748,196.16,149.31,10.422,-5.211,6.3536,200,186.71,166.56,0,0.2226,16.673,395.12,171.55,160,3.2788,1.2023,0.012618,-7.4658,162.25,159.17,-4.8303,1.4493,-13.642,200,142.43,175.5,0,-1,1
8.1771,195.91,149.63,10.046,-5.0228,6.3876,200,186.72,167.37,0,0.22074,16.106,395.3,171.62,160,3.5181,1.2901,0.012513,-7.689,162.32,158.5,-4.4641,1.3395,-13.356,200,142.38,175.55,0,-1,1
8.6593,195.67,149.95,9.6445,-4.8223,6.406,200,186.73,168.15,0,0.21834,15.499,395.48,171.68,160,3.7487,1.3747,0.012377,-7.8934,162.38,157.85,-4.0869,1.2263,-13.037,200,142.33,175.6,0,-1,1
9.1203,195.44,150.27,9.2198,-4.6099,6.4086,200,186.74,168.89,0,0.2154,14.855,395.68,171.76,160,3.9702,1.4559,0.012211,-8.0783,162.43,157.21,-3.6998,1.1101,-12.686,200,142.28,175.65,0,-1,1
9.5589,195.22,150.59,8.7724,-4.3862,6.3956,200,186.75,169.6,0,0.21193,14.173,395.89,171.83,160,4.1819,1.5335,0.012015,-8.2435,162.48,156.6,-3.3035,0.99123,-12.305,200,142.23,175.7,0,-1,1
9.9741,195.01,150.9,8.3036,-4.1518,6.3669,200,186.76,170.27,0,0.20795,13.457,396.11,171.91,160.01,4.3834,1.6074,0.011789,-8.3885,162.53,156,-2.8992,0.8699,-11.893,200,142.18,175.75,0,-1,1
10.365,194.82,151.22,7.8143,-3.9072,6.3225,200,186.77,170.9,0,0.20345,12.708,396.34,172,160.01,4.5742,1.6773,0.011535,-8.5129,162.56,155.43,-2.4877,0.74644,-11.451,200,142.13,175.8,0,-1,1
10.73,194.63,151.53,7.3059,-3.653,6.2627,200,186.78,171.5,0,0.19846,11.928,396.58,172.09,160.01,4.7537,1.7432,0.011252,-8.6164,162.6,154.88,-2.0702,0.62116,-10.982,200,142.08,175.85,0,-1,1
11.069,194.47,151.84,6.7796,-3.3898,6.1874,200,186.79,172.06,0,0.19298,11.119,396.82,172.18,160.01,4.9215,1.8047,0.010942,-8.6988,162.62,154.36,-1.6475,0.49435,-10.486,200,142.03,175.9,0,-1,1
11.381,194.31,152.15,6.2367,-3.1183,6.0971,200,186.8,172.57,0,0.18702,10.282,397.08,172.27,160.01,5.0773,1.8619,0.010604,-8.7598,162.64,153.86,-1.2209,0.36632,-9.9639,200,141.98,175.95,0,-1,1
11.665,194.17,152.45,5.6785,-2.8392,5.9917,200,186.81,173.04,0,0.18061,9.4203,397.34,172.36,160.01,5.2207,1.9144,0.010241,-8.7994,162.65,153.39,-0.7912,0.2374,-9.4175,200,141.93,176,0,-1,1
11.92,194.04,152.74,5.1063,-2.5531,5.8717,200,186.82,173.47,0,0.17375,8.5354,397.61,172.46,160.01,5.3512,1.9623,0.0098527,-8.8173,162.66,152.95,-0.35959,0.1079,-8.8481,200,141.88,176.05,0,-1,1
12.146,193.93,153.03,4.5216,-2.2608,5.7372,200,186.83,173.85,0,0.16647,7.6294,397.88,172.56,160.01,5.4686,2.0053,0.0094402,-8.8137,162.65,152.53,0.072897,-0.021873,-8.2569,200,141.83,176.1,0,-1,1
12.343,193.83,153.31,3.9258,-1.9629,5.5887,200,186.83,174.19,0,0.15878,6.7048,398.16,172.66,160.01,5.5726,2.0435,0.0090045,-8.7884,162.65,152.15,0.50521,-0.15159,-7.6455,200,141.78,176.15,0,-1,1
12.509,193.75,153.58,3.3204,-1.6602,5.4265,200,186.84,174.47,0,0.1507,5.7638,398.44,172.77,160.01,5.6629,2.0766,0.0085467,-8.7416,162.63,151.8,0.93628,-0.28093,-7.0153,200,141.73,176.2,0,-1,1
12.644,193.68,153.84,2.7069,-1.3534,5.251,200,186.85,174.71,0,0.14225,4.8086,398.73,172.87,160.01,5.7394,2.1046,0.008068,-8.6734,162.61,151.48,1.3651,-0.40959,-6.3679,200,141.68,176.25,0,-1,1
12.748,193.63,154.09,2.0867,-1.0434,5.0626,200,186.86,174.91,0,0.13345,3.8416,399.02,172.98,160.01,5.8018,2.1275,0.0075694,-8.5838,162.59,151.2,1.7905,-0.53724,-5.7049,200,141.63,176.3,0,-1,1
12.821,193.59,154.34,1.4614,-0.73071,4.8618,200,186.86,175.05,0,0.12433,2.8651,399.31,173.09,160.01,5.8499,2.1452,0.0070524,-8.4733,162.55,150.95,2.2115,-0.66357,-5.0279,200,141.58,176.35,0,-1,1
12.863,193.57,154.57,0.83253,-0.41626,4.649,200,186.87,175.14,0,0.1149,1.8817,399.61,173.2,160.01,5.8837,2.1575,0.006518,-8.3419,162.51,150.73,2.6271,-0.78827,-4.3386,200,141.53,176.4,0,-1,1
12.873,193.56,154.79,0.2016,-0.1008,4.4249,200,186.87,175.19,0,0.10519,0.89364,399.9,173.3,160.01,5.903,2.1646,0.0059676,-8.1901,162.47,150.55,3.0363,-0.91104,-3.6386,200,141.48,176.45,0,-1,1
12.852,193.57,155,-0.42982,0.21491,4.1899,200,186.88,175.18,0,0.095217,-0.096606,400.2,173.41,160.01,5.9079,2.1664,0.0054026,-8.0182,162.42,150.4,3.438,-1.0316,-2.9297,200,141.43,176.5,0,-1,1
12.799,193.6,155.2,-1.0602,0.53009,3.9446,200,186.88,175.13,0,0.085013,-1.0866,400.49,173.52,160.01,5.8983,2.1629,0.0048243,-7.8266,162.36,150.29,3.8313,-1.1496,-2.2137,200,141.38,176.55,0,-1,1
12.714,193.64,155.38,-1.688,0.84398,3.6897,200,186.89,175.03,0,0.074601,-2.074,400.78,173.63,160.01,5.8743,2.1541,0.0042342,-7.6159,162.3,150.22,4.2152,-1.2648,-1.4922,200,141.33,176.6,0,-1,1
12.599,193.7,155.55,-2.3116,1.1558,3.4257,200,186.89,174.87,0,0.064006,-3.0562,401.08,173.73,160.01,5.8358,2.14,0.0036338,-7.3864,162.23,150.18,4.5888,-1.3769,-0.76701,200,141.28,176.65,0,-1,1
12.452,193.77,155.71,-2.9295,1.4648,3.1533,200,186.89,174.67,0,0.053253,-4.031,401.37,173.84,160.01,5.783,2.1206,0.0030244,-7.1389,162.15,150.18,4.9511,-1.4856,-0.039972,200,141.23,176.7,0,-1,1
12.275,193.86,155.85,-3.5403,1.7702,2.8732,200,186.89,174.42,0,0.042371,-4.9959,401.65,173.95,160.01,5.716,2.0961,0.0024076,-6.8738,162.07,150.21,5.3012,-1.5906,0.68717,200,141.18,176.75,0,-1,1
12.068,193.97,155.98,-4.1424,2.0712,2.586,200,186.9,174.12,0,0.031384,-5.9485,401.93,174.05,160.01,5.635,2.0664,0.0017848,-6.5919,161.99,150.28,5.6384,-1.6918,1.4126,200,141.13,176.8,0,-1,1
11.831,194.08,156.1,-4.7343,2.3672,2.2925,200,186.9,173.78,0,0.02032,-6.8865,402.21,174.15,160.01,5.5402,2.0316,0.0011578,-6.2938,161.9,150.39,5.9617,-1.7888,2.1346,200,141.08,176.85,0,-1,1
11.565,194.22,156.2,-5.3147,2.6573,1.9933,200,186.9,173.39,0,0.009207,-7.8077,402.48,174.25,160.01,5.4318,1.9918,0.00052784,-5.9803,161.8,150.53,6.2704,-1.8814,2.8514,200,141.03,176.9,0,-1,1
11.271,194.36,156.28,-5.8819,2.941,1.6893,200,186.9,172.95,0,-0.001929,-8.7097,402.75,174.35,160.01,5.3101,1.9472,-0.00010338,-5.6521,161.71,150.71,6.5638,-1.9695,3.5611,200,140.98,176.95,0,-1,1
10.95,194.53,156.35,-6.4348,3.2174,1.3811,200,186.9,172.47,0,-0.01306,-9.5903,403.01,174.44,160.01,5.1753,1.8978,-0.00073435,-5.31,161.6,150.92,6.841,-2.0526,4.2621,200,140.93,177,0,-1,1
10.601,194.7,156.41,-6.9719,3.4859,1.0696,200,186.9,171.95,0,-0.02416,-10.447,403.26,174.53,160.01,5.0279,1.8437,-0.0013635,-4.955,161.5,151.17,7.1015,-2.1308,4.9527,200,140.88,177.05,0,-1,1
10.226,194.89,156.44,-7.4919,3.7459,0.7554,200,186.89,171.39,0,-0.0352,-11.279,403.5,174.62,160.01,4.8681,1.7851,-0.0019893,-4.5877,161.39,151.45,7.3445,-2.2037,5.6311,200,140.83,177.1,0,-1,1
9.8268,195.09,156.47,-7.9935,3.9967,0.43937,200,186.89,170.78,0,-0.046153,-12.083,403.74,174.71,160.01,4.6964,1.7222,-0.0026103,-4.2093,161.27,151.77,7.5695,-2.2712,6.2958,200,140.78,177.15,0,-1,1
9.403,195.3,156.47,-8.4755,4.2377,0.12226,200,186.89,170.14,0,-0.056994,-12.857,403.96,174.79,160.01,4.5132,1.655,-0.0032248,-3.8205,161.16,152.11,7.776,-2.3332,6.9449,200,140.73,177.2,0,-1,1
8.9562,195.52,156.46,-8.9367,4.4683,-0.19515,200,186.88,169.46,0,-0.067694,-13.6,404.18,174.87,160.01,4.3189,1.5838,-0.0038315,-3.4223,161.04,152.49,7.9634,-2.3894,7.5771,200,140.68,177.25,0,-1,1
8.4874,195.76,156.44,-9.376,4.688,-0.51208,200,186.88,168.75,0,-0.078229,-14.309,404.38,174.95,160.01,4.114,1.5086,-0.0044287,-3.0157,160.91,152.9,8.1313,-2.4398,8.1906,200,140.63,177.3,0,-1,1
7.9977,196,156.39,-9.7923,4.8961,-0.82776,200,186.88,168,0,-0.088572,-14.983,404.58,175.02,160.01,3.8991,1.4298,-0.0050151,-2.6018,160.79,153.34,8.2792,-2.4842,8.7841,200,140.58,177.35,0,-1,1
7.4885,196.26,156.34,-10.185,5.0923,-1.1414,200,186.87,167.22,0,-0.098698,-15.621,404.76,175.09,160.01,3.6745,1.3475,-0.0055891,-2.1814,160.66,153.81,8.4068,-2.5225,9.356,200,140.53,177.4,0,-1,1
6.9609,196.52,156.26,-10.552,5.2759,-1.4523,200,186.87,166.4,0,-0.10858,-16.22,404.93,175.15,160.01,3.441,1.2618,-0.0061495,-1.7557,160.54,154.3,8.5138,-2.5546,9.905,200,140.48,177.45,0,-1,1
6.4163,196.79,156.18,-10.893,5.4467,-1.7595,200,186.86,165.57,0,-0.1182,-16.779,405.09,175.21,160.01,3.199,1.1731,-0.0066948,-1.3257,160.41,154.82,8.5999,-2.5804,10.43,200,140.43,177.5,0,-1,1
5.8559,197.07,156.07,-11.208,5.604,-2.0625,200,186.85,164.7,0,-0.12753,-17.297,405.24,175.26,160.01,2.9492,1.0815,-0.0072237,-0.8925,160.28,155.37,8.6649,-2.5999,10.929,200,140.38,177.55,0,-1,1
5.2811,197.36,155.96,-11.495,5.7476,-2.3604,200,186.85,163.81,0,-0.13654,-17.773,405.38,175.31,160.01,2.6921,0.98719,-0.0077348,-0.45706,160.15,155.94,8.7087,-2.6131,11.401,200,140.33,177.6,0,-1,1
4.6934,197.65,155.82,-11.754,5.8772,-2.6525,200,186.84,162.9,0,-0.14522,-18.206,405.5,175.36,160.01,2.4284,0.89051,-0.008227,-0.020503,160.02,156.53,8.7311,-2.6198,11.845,200,140.28,177.65,0,-1,1
4.0941,197.95,155.68,-11.985,5.9923,-2.9382,200,186.83,161.97,0,-0.15354,-18.593,405.6,175.4,160.01,2.1588,0.79163,-0.008699,0.4161,159.89,157.15,8.7322,-2.6201,12.261,200,140.23,177.7,0,-1,1
3.4849,198.26,155.52,-12.185,6.0927,-3.2166,200,186.82,161.03,0,-0.16149,-18.935,405.7,175.43,160.01,1.8839,0.69082,-0.0091497,0.85169,159.75,157.78,8.7117,-2.614,12.646,200,140.18,177.75,0,-1,1
2.8671,198.57,155.34,-12.356,6.1781,-3.4871,200,186.82,160.06,0,-0.16904,-19.231,405.78,175.46,160.01,1.6044,0.58832,-0.0095779,1.2852,159.62,158.43,8.67,-2.6014,13,200,140.13,177.8,0,-1,1
2.2422,198.88,155.15,-12.497,6.2485,-3.7491,200,186.81,159.09,0,-0.17618,-19.479,405.85,175.48,160.01,1.3209,0.48437,-0.0099826,1.7155,159.5,159.09,8.6069,-2.5825,13.323,200,140.08,177.85,0,-1,1
1.6119,199.19,154.95,-12.607,6.3034,-4.0018,200,186.8,158.11,0,-0.18288,-19.68,405.9,175.5,160.01,1.0342,0.37923,-0.010363,2.1417,159.37,159.78,8.5228,-2.5573,13.612,200,140.03,177.9,0,-1,1
0.97758,199.51,154.74,-12.686,6.343,-4.2448,200,186.79,157.11,0,-0.18914,-19.832,405.93,175.52,160.01,0.74492,0.27316,-0.010718,2.5626,159.24,160.47,8.4177,-2.5257,13.869,200,139.98,177.95,0,-1,1
0.34089,199.83,154.52,-12.734,6.3669,-4.4774,200,186.78,156.12,0,-0.19493,-19.936,405.96,175.52,160.01,0.45384,0.16642,-0.011046,2.9772,159.12,161.17,8.292,-2.488,14.091,200,139.93,178,0,-1,1
-0.29665,200.15,154.28,-12.751,6.3753,-4.6989,200,186.77,155.12,0,-0.20024,-19.99,405.97,175.53,160.01,0.16165,0.059278,-0.011348,3.3845,158.99,161.89,8.146,-2.4442,14.278,200,139.88,178.05,0,-1,1
-0.93345,200.47,154.04,-12.736,6.368,-4.909,200,186.76,154.12,0,-0.20507,-19.996,405.96,175.52,160,-0.13093,-0.048013,-0.011621,3.7835,158.87,162.61,7.98,-2.3944,14.431,200,139.83,178.1,0,-1,1
-1.568,200.78,153.78,-12.69,6.3451,-5.107,200,186.75,153.12,0,-0.20939,-19.953,405.94,175.52,160,-0.4232,-0.15519,-0.011867,4.1732,158.76,163.34,7.7944,-2.3387,14.548,200,139.78,178.15,0,-1,1
-2.1986,201.1,153.52,-12.613,6.3067,-5.2925,200,186.74,152.13,0,-0.21319,-19.861,405.9,175.5,160,-0.71442,-0.26198,-0.012083,4.5527,158.64,164.07,7.5897,-2.2773,14.63,200,139.73,178.2,0,-1,1
-2.8239,201.41,153.24,-12.506,6.2528,-5.465,200,186.73,151.14,0,-0.21648,-19.72,405.85,175.49,160,-1.0039,-0.36813,-0.012269,4.921,158.53,164.8,7.3664,-2.2103,14.676,200,139.68,178.25,0,-1,1
-3.4423,201.72,152.96,-12.367,6.1835,-5.6241,200,186.72,150.16,0,-0.21923,-19.531,405.79,175.46,160,-1.2909,-0.47338,-0.012425,5.2772,158.43,165.54,7.125,-2.1379,14.686,200,139.63,178.3,0,-1,1
-4.0522,202.03,152.67,-12.198,6.0991,-5.7694,200,186.7,149.2,0,-0.22144,-19.293,405.71,175.43,160,-1.5748,-0.57746,-0.012551,5.6206,158.32,166.27,6.8662,-2.0602,14.659,200,139.58,178.35,0,-1,1
-4.6521,202.33,152.38,-11.999,5.9997,-5.9005,200,186.69,148.25,0,-0.22312,-19.009,405.62,175.4,160,-1.8547,-0.68013,-0.012646,5.9501,158.22,167,6.5905,-1.9775,14.597,200,139.53,178.4,0,-1,1
-5.2407,202.62,152.08,-11.771,5.8856,-6.0172,200,186.68,147.32,0,-0.22424,-18.678,405.51,175.36,160,-2.1302,-0.78113,-0.01271,6.265,158.13,167.72,6.2987,-1.8899,14.499,200,139.48,178.45,0,-1,1
-5.8164,202.91,151.77,-11.514,5.7571,-6.1191,200,186.67,146.4,0,-0.22482,-18.301,405.39,175.32,160,-2.4004,-0.88022,-0.012743,6.5646,158.04,168.44,5.9914,-1.7977,14.365,200,139.43,178.5,0,-1,1
-6.3779,203.19,151.46,-11.229,5.6144,-6.2061,200,186.66,145.51,0,-0.22484,-17.879,405.26,175.27,160,-2.6647,-0.97715,-0.012745,6.848,157.96,169.15,5.6694,-1.7011,14.197,200,139.38,178.55,0,-1,1
-6.9237,203.46,151.15,-10.916,5.458,-6.2778,200,186.65,144.64,0,-0.22431,-17.414,405.11,175.21,160,-2.9225,-1.0717,-0.012715,7.1147,157.88,169.85,5.3335,-1.6003,13.993,200,139.33,178.6,0,-1,1
-7.4525,203.73,150.83,-10.576,5.2882,-6.3341,200,186.64,143.79,0,-0.22323,-16.905,404.95,175.16,160,-3.1731,-1.1636,-0.012654,7.3639,157.8,170.54,4.9845,-1.4956,13.755,200,139.28,178.65,0,-1,1
-7.963,203.98,150.51,-10.211,5.1054,-6.3748,200,186.63,142.97,0,-0.22161,-16.355,404.78,175.09,160,-3.416,-1.2526,-0.012562,7.5951,157.73,171.21,4.6233,-1.3872,13.483,200,139.23,178.7,0,-1,1
-8.454,204.23,150.19,-9.8203,4.9102,-6.4,200,186.61,142.18,0,-0.21944,-15.766,404.6,175.03,160,-3.6504,-1.3386,-0.01244,7.8076,157.67,171.87,4.2507,-1.2754,13.179,200,139.18,178.75,0,-1,1
-8.9243,204.46,149.87,-9.4056,4.7028,-6.4094,200,186.6,141.43,0,-0.21673,-15.137,404.4,174.95,160,-3.8759,-1.4213,-0.012287,8.001,157.61,172.51,3.8678,-1.1605,12.841,200,139.13,178.8,0,-1,1
-9.3727,204.69,149.55,-8.9679,4.484,-6.4031,200,186.59,140.7,0,-0.21349,-14.471,404.2,174.88,160,-4.0919,-1.5005,-0.012103,8.1748,157.56,173.14,3.4753,-1.0428,12.473,200,139.08,178.85,0,-1,1
-9.7981,204.9,149.23,-8.5082,4.2541,-6.3812,200,186.58,140.02,0,-0.20973,-13.77,403.98,174.8,160,-4.2979,-1.576,-0.01189,8.3285,157.51,173.74,3.0744,-0.92246,12.074,200,139.03,178.9,0,-1,1
-10.2,205.1,148.92,-8.0276,4.0138,-6.3435,200,186.57,139.36,0,-0.20545,-13.035,403.76,174.72,159.99,-4.4933,-1.6477,-0.011648,8.4618,157.47,174.32,2.6658,-0.79989,11.645,200,138.98,178.95,0,-1,1
-10.576,205.29,148.6,-7.5273,3.7636,-6.2903,200,186.56,138.75,0,-0.20067,-12.268,403.53,174.63,159.99,-4.6777,-1.7153,-0.011377,8.5744,157.44,174.88,2.2508,-0.67535,11.188,200,138.93,179,0,-1,1
-10.926,205.46,148.29,-7.0085,3.5043,-6.2217,200,186.55,138.18,0,-0.1954,-11.471,403.28,174.54,159.99,-4.8507,-1.7787,-0.011079,8.6659,157.41,175.42,1.8302,-0.54916,10.703,200,138.88,179.05,0,-1,1
-11.25,205.62,147.98,-6.4726,3.2363,-6.1379,200,186.54,137.64,0,-0.18965,-10.646,403.03,174.45,159.99,-5.0117,-1.8378,-0.010753,8.7361,157.39,175.93,1.4052,-0.42162,10.192,200,138.83,179.1,0,-1,1
-11.546,205.77,147.68,-5.9208,2.9604,-6.0389,200,186.53,137.16,0,-0.18343,-9.7947,402.77,174.36,159.99,-5.1605,-1.8923,-0.010401,8.785,157.37,176.41,0.97665,-0.29304,9.6559,200,138.78,179.15,0,-1,1
-11.814,205.91,147.38,-5.3545,2.6772,-5.9252,200,186.53,136.71,0,-0.17676,-8.9194,402.51,174.26,159.99,-5.2965,-1.9422,-0.010023,8.8122,157.37,176.87,0.54575,-0.16375,9.0962,200,138.73,179.2,0,-1,1
-12.052,206.03,147.1,-4.775,2.3875,-5.7969,200,186.52,136.31,0,-0.16966,-8.0222,402.24,174.16,159.99,-5.4196,-1.9874,-0.0096209,8.8179,157.36,177.29,0.11351,-0.034059,8.5142,200,138.68,179.25,0,-1,1
-12.262,206.13,146.81,-4.1838,2.0919,-5.6544,200,186.51,135.95,0,-0.16214,-7.1054,401.96,174.06,159.99,-5.5295,-2.0277,-0.009195,8.802,157.37,177.69,-0.31901,0.095719,7.9113,200,138.63,179.3,0,-1,1
-12.441,206.22,146.54,-3.5824,1.7912,-5.4981,200,186.5,135.64,0,-0.15423,-6.1711,401.68,173.96,159.99,-5.6257,-2.0629,-0.0087466,8.7644,157.38,178.05,-0.75075,0.22526,7.289,200,138.58,179.35,0,-1,1
-12.589,206.29,146.27,-2.9722,1.4861,-5.3282,200,186.49,135.38,0,-0.14594,-5.2217,401.4,173.85,159.99,-5.7082,-2.0932,-0.0082768,8.7054,157.4,178.38,-1.1806,0.35425,6.6489,200,138.53,179.4,0,-1,1
-12.707,206.35,146.01,-2.3547,1.1773,-5.1453,200,186.49,135.17,0,-0.13729,-4.2595,401.11,173.75,159.99,-5.7766,-2.1183,-0.0077866,8.625,157.42,178.68,-1.6076,0.48237,5.9924,200,138.48,179.45,0,-1,1
-12.794,206.4,145.77,-1.7314,0.8657,-4.9498,200,186.48,135.01,0,-0.1283,-3.2869,400.82,173.64,159.99,-5.8309,-2.1382,-0.0072774,8.5235,157.45,178.95,-2.0307,0.60931,5.3212,200,138.43,179.5,0,-1,1
-12.849,206.42,145.53,-1.1039,0.55193,-4.7421,200,186.47,134.89,0,-0.119,-2.3062,400.52,173.53,159.99,-5.8709,-2.1529,-0.0067503,8.401,157.49,179.18,-2.4488,0.73475,4.637,200,138.38,179.55,0,-1,1
-12.873,206.44,145.3,-0.47363,0.23681,-4.5228,200,186.47,134.82,0,-0.1094,-1.3198,400.23,173.42,159.99,-5.8965,-2.1622,-0.0062066,8.258,157.53,179.38,-2.8608,0.8584,3.9414,200,138.33,179.6,0,-1,1
-12.865,206.43,145.09,0.15777,-0.078886,-4.2925,200,186.46,134.81,0,-0.099543,-0.33022,399.93,173.31,159.99,-5.9076,-2.1663,-0.0056478,8.0947,157.58,179.54,-3.2659,0.97993,3.2362,200,138.28,179.65,0,-1,1
-12.825,206.41,144.89,0.78878,-0.39439,-4.0515,200,186.46,134.84,0,-0.089437,0.66019,399.64,173.21,159.99,-5.9042,-2.1651,-0.005075,7.9116,157.64,179.67,-3.6629,1.0991,2.523,200,138.23,179.7,0,-1,1
-12.754,206.38,144.7,1.4179,-0.70893,-3.8007,200,186.46,134.92,0,-0.079111,1.649,399.34,173.1,159.99,-5.8864,-2.1585,-0.0044899,7.709,157.7,179.76,-4.051,1.2155,1.8036,200,138.18,179.75,0,-1,1
-12.652,206.33,144.52,2.0435,-1.0217,-3.5405,200,186.45,135.06,0,-0.068592,2.6337,399.05,172.99,159.99,-5.8541,-2.1467,-0.0038937,7.4875,157.76,179.81,-4.4291,1.329,1.0798,200,138.13,179.8,0,-1,1
-12.519,206.26,144.36,2.664,-1.332,-3.2717,200,186.45,135.24,0,-0.057904,3.612,398.76,172.88,159.99,-5.8075,-2.1296,-0.003288,7.2477,157.84,179.83,-4.7964,1.4392,0.35338,200,138.08,179.85,0,-1,1
-12.355,206.18,144.21,3.2781,-1.639,-2.9948,200,186.45,135.46,0,-0.047075,4.5815,398.47,172.78,159.99,-5.7466,-2.1073,-0.0026742,6.9901,157.91,179.81,-5.1519,1.5458,-0.37393,200,138.03,179.9,0,-1,1
-12.161,206.08,144.07,3.8841,-1.9421,-2.7106,200,186.45,135.74,0,-0.036129,5.5397,398.19,172.68,159.99,-5.6716,-2.0798,-0.0020538,6.7154,158,179.75,-5.4948,1.6487,-1.1003,200,137.98,179.95,0,-1,1
-11.937,205.97,143.95,4.4806,-2.2403,-2.4197,200,186.44,136.07,0,-0.025096,6.4843,397.91,172.57,159.99,-5.5827,-2.0472,-0.0014284,6.4242,158.08,179.66,-5.8242,1.7475,-1.824,200,137.93,180,0,-1,1
-11.683,205.84,143.84,5.0661,-2.5331,-2.1229,200,186.44,136.44,0,-0.014,7.413,397.63,172.47,159.99,-5.4802,-2.0096,-0.00079953,6.1172,158.17,179.54,-6.1393,1.8421,-2.5433,200,137.88,180.05,0,-1,1
-11.402,205.7,143.75,5.6392,-2.8196,-1.8209,200,186.44,136.85,0,-0.0028707,8.3235,397.37,172.37,159.99,-5.3642,-1.967,-0.00016868,5.7953,158.27,179.37,-6.4393,1.9321,-3.2562,200,137.83,180.1,0,-1,1
-11.092,205.55,143.68,6.1984,-3.0992,-1.5144,200,186.44,137.31,0,0.008266,9.2136,397.1,172.28,159.99,-5.235,-1.9197,0.00046259,5.4591,158.37,179.18,-6.7236,2.0174,-3.9612,200,137.78,180.15,0,-1,1
-10.754,205.38,143.62,6.7425,-3.3712,-1.2042,200,186.44,137.82,0,0.019382,10.081,396.85,172.18,159.99,-5.093,-1.8676,0.0010927,5.1095,158.48,178.94,-6.9913,2.0978,-4.6565,200,137.73,180.2,0,-1,1
-10.391,205.2,143.57,7.27,-3.635,-0.89106,200,186.45,138.36,0,0.030451,10.924,396.6,172.09,159.99,-4.9385,-1.8109,0.0017202,4.7474,158.59,178.68,-7.242,2.1729,-5.3404,200,137.68,180.25,0,-1,1
-10.002,205,143.54,7.7797,-3.8898,-0.57573,200,186.45,138.95,0,0.041445,11.74,396.36,172.01,159.99,-4.7719,-1.7498,0.0023434,4.3737,158.7,178.37,-7.4748,2.2428,-6.0112,200,137.63,180.3,0,-1,1
-9.5885,204.79,143.53,8.2703,-4.1351,-0.25899,200,186.45,139.58,0,0.052338,12.527,396.13,171.92,159.99,-4.5936,-1.6845,0.0029609,3.9892,158.81,178.04,-7.6893,2.3072,-6.6672,200,137.58,180.35,0,-1,1
-9.1515,204.58,143.53,8.7406,-4.3703,0.058388,200,186.45,140.24,0,0.063102,13.284,395.91,171.84,159.99,-4.404,-1.6149,0.0035711,3.595,158.93,177.68,-7.885,2.3659,-7.3069,200,137.53,180.4,0,-1,1
-8.692,204.35,143.55,9.1894,-4.5947,0.37562,200,186.46,140.94,0,0.073712,14.008,395.7,171.76,159.99,-4.2036,-1.5415,0.0041726,3.1919,159.05,177.28,-8.0614,2.4188,-7.9286,200,137.48,180.45,0,-1,1
-8.2112,204.11,143.59,9.6158,-4.8079,0.69193,200,186.46,141.68,0,0.08414,14.697,395.5,171.69,159.99,-3.9929,-1.4642,0.0047638,2.781,159.18,176.85,-8.2179,2.4658,-8.5309,200,137.43,180.5,0,-1,1
-7.7103,203.86,143.64,10.019,-5.0093,1.0066,200,186.47,142.44,0,0.094363,15.351,395.32,171.62,159.99,-3.7724,-1.3833,0.0053434,2.3633,159.3,176.4,-8.3543,2.5067,-9.1123,200,137.38,180.55,0,-1,1
-7.1904,203.6,143.7,10.397,-5.1984,1.3187,200,186.47,143.24,0,0.10435,15.966,395.14,171.56,159.99,-3.5427,-1.2991,0.0059098,1.9398,159.43,175.91,-8.4702,2.5415,-9.6714,200,137.33,180.6,0,-1,1
-6.653,203.33,143.78,10.749,-5.3747,1.6276,200,186.48,144.07,0,0.11409,16.543,394.97,171.5,159.99,-3.3043,-1.2117,0.0064618,1.5115,159.56,175.4,-8.5654,2.57,-10.207,200,137.28,180.65,0,-1,1
-6.0992,203.05,143.88,11.076,-5.5379,1.9325,200,186.48,144.92,0,0.12354,17.079,394.82,171.44,159.99,-3.0577,-1.1213,0.0069979,1.0795,159.69,174.87,-8.6395,2.5923,-10.717,200,137.23,180.7,0,-1,1
-5.5304,202.77,143.99,11.375,-5.6875,2.2327,200,186.49,145.8,0,0.1327,17.574,394.68,171.39,159.99,-2.8037,-1.0281,0.0075168,0.6449,159.82,174.31,-8.6925,2.6082,-11.201,200,137.18,180.75,0,-1,1
-4.9481,202.47,144.12,11.646,-5.8231,2.5274,200,186.5,146.7,0,0.14152,18.025,394.55,171.34,159.99,-2.5428,-0.93245,0.0080173,0.20869,159.95,173.72,-8.7241,2.6177,-11.658,200,137.13,180.8,0,-1,1
-4.3537,202.18,144.26,11.889,-5.9444,2.8159,200,186.5,147.63,0,0.15,18.432,394.44,171.3,159.99,-2.2757,-0.83449,0.0084982,-0.22803,160.08,173.12,-8.7343,2.6207,-12.085,200,137.08,180.85,0,-1,1
-3.7486,201.87,144.41,12.102,-6.0512,3.0975,200,186.51,148.56,0,0.15811,18.793,394.34,171.26,159.99,-2.003,-0.73449,0.0089582,-0.66418,160.21,172.5,-8.7232,2.6174,-12.484,200,137.03,180.9,0,-1,1
-3.1342,201.57,144.58,12.286,-6.1432,3.3715,200,186.52,149.52,0,0.16584,19.109,394.25,171.23,159.99,-1.7253,-0.63268,0.0093962,-1.0987,160.34,171.85,-8.6906,2.6076,-12.851,200,136.98,180.95,0,-1,1
-2.5122,201.26,144.76,12.44,-6.22,3.6373,200,186.53,150.49,0,0.17315,19.378,394.18,171.21,159.99,-1.4435,-0.52932,0.0098112,-1.5305,160.47,171.19,-8.6367,2.5914,-13.188,200,136.93,181,0,-1,1
-1.8841,200.94,144.96,12.563,-6.2816,3.8941,200,186.54,151.47,0,0.18005,19.599,394.12,171.19,159.99,-1.1581,-0.42466,0.010202,-1.9586,160.6,170.52,-8.5616,2.5689,-13.491,200,136.88,181.05,0,-1,1
-1.2513,200.63,145.17,12.656,-6.3278,4.1414,200,186.55,152.46,0,0.1865,19.772,394.08,171.17,159.99,-0.86982,-0.31896,0.010568,-2.3819,160.72,169.83,-8.4655,2.5401,-13.762,200,136.83,181.1,0,-1,1
-0.61544,200.31,145.38,12.717,-6.3585,4.3785,200,186.56,153.45,0,0.19249,19.897,394.05,171.16,159.99,-0.57945,-0.21248,0.010908,-2.7993,160.85,169.13,-8.3487,2.505,-13.999,200,136.78,181.15,0,-1,1
0.021922,199.99,145.62,12.747,-6.3736,4.6048,200,186.57,154.45,0,0.19801,19.973,394.04,171.15,159.99,-0.28765,-0.10548,0.011221,-3.2099,160.97,168.42,-8.2114,2.4638,-14.202,200,136.73,181.2,0,-1,1
0.65923,199.67,145.86,12.746,-6.3731,4.8199,200,186.58,155.45,0,0.20304,19.999,394.04,171.15,159.99,0.0048501,0.0017785,0.011507,-3.6126,161.09,167.7,-8.054,2.4166,-14.37,200,136.68,181.25,0,-1,1
1.2949,199.35,146.11,12.714,-6.3569,5.0232,200,186.59,156.45,0,0.20758,19.977,394.05,171.16,160,0.29734,0.10903,0.011764,-4.0064,161.21,166.98,-7.8768,2.3634,-14.502,200,136.63,181.3,0,-1,1
1.9274,199.04,146.37,12.65,-6.3252,5.2141,200,186.6,157.45,0,0.21161,19.906,394.08,171.17,160,0.5891,0.21602,0.011993,-4.3905,161.33,166.25,-7.6802,2.3045,-14.599,200,136.58,181.35,0,-1,1
2.5552,198.72,146.64,12.556,-6.2779,5.3923,200,186.61,158.43,0,0.21512,19.786,394.13,171.19,160,0.87942,0.32248,0.012192,-4.7637,161.44,165.51,-7.4649,2.2398,-14.66,200,136.53,181.4,0,-1,1
3.1767,198.41,146.92,12.43,-6.2152,5.5572,200,186.62,159.42,0,0.2181,19.617,394.18,171.21,160,1.1676,0.42815,0.012362,-5.1253,161.55,164.78,-7.2312,2.1697,-14.686,200,136.48,181.45,0,-1,1
3.7905,198.1,147.2,12.275,-6.1373,5.7085,200,186.63,160.39,0,0.22055,19.401,394.26,171.23,160,1.4529,0.53277,0.012501,-5.4743,161.65,164.05,-6.9798,2.0943,-14.675,200,136.43,181.5,0,-1,1
4.3949,197.8,147.49,12.089,-6.0444,5.8458,200,186.64,161.34,0,0.22245,19.137,394.34,171.27,160,1.7346,0.63608,0.012609,-5.8098,161.75,163.32,-6.7113,2.0137,-14.628,200,136.38,181.55,0,-1,1
4.9886,197.51,147.79,11.873,-5.9366,5.9687,200,186.65,162.28,0,0.22382,18.825,394.44,171.3,160,2.0121,0.73783,0.012686,-6.1311,161.85,162.59,-6.4264,1.9282,-14.546,200,136.33,181.6,0,-1,1
5.57,197.22,148.1,11.628,-5.8142,6.077,200,186.66,163.21,0,0.22463,18.468,394.56,171.34,160,2.2846,0.83777,0.012733,-6.4374,161.94,161.87,-6.1256,1.838,-14.427,200,136.28,181.65,0,-1,1
6.1378,196.93,148.4,11.355,-5.6776,6.1705,200,186.68,164.11,0,0.22489,18.066,394.69,171.39,160,2.5516,0.93566,0.012748,-6.7279,162.03,161.15,-5.8099,1.7433,-14.274,200,136.23,181.7,0,-1,1
6.6905,196.65,148.72,11.054,-5.5271,6.2488,200,186.69,164.99,0,0.2246,17.619,394.83,171.44,160,2.8123,1.0313,0.012732,-7.0019,162.11,160.45,-5.4799,1.6442,-14.085,200,136.18,181.75,0,-1,1
7.2268,196.39,149.03,10.726,-5.363,6.3117,200,186.7,165.85,0,0.22376,17.129,394.98,171.5,160,3.066,1.1243,0.012684,-7.2587,162.19,159.76,-5.1364,1.5412,-13.862,200,136.13,181.8,0,-1,1
7.7453,196.13,149.35,10.372,-5.1858,6.3592,200,186.71,166.68,0,0.22237,16.597,395.14,171.56,160,3.3123,1.2146,0.012606,-7.4977,162.26,159.08,-4.7804,1.4344,-13.604,200,136.08,181.85,0,-1,1
8.2449,195.88,149.67,9.9916,-4.9958,6.3911,200,186.72,167.48,0,0.22043,16.024,395.32,171.62,160,3.5505,1.302,0.012496,-7.7184,162.33,158.41,-4.4126,1.324,-13.314,200,136.03,181.9,0,-1,1
8.7243,195.64,149.99,9.5872,-4.7936,6.4073,200,186.73,168.25,0,0.21796,15.412,395.51,171.69,160,3.7799,1.3861,0.012356,-7.9201,162.39,157.76,-4.034,1.2104,-12.991,200,135.98,181.95,0,-1,1
9.1822,195.41,150.31,9.1593,-4.5796,6.4078,200,186.74,168.99,0,0.21495,14.762,395.71,171.77,160,4.0001,1.4668,0.012186,-8.1024,162.44,157.13,-3.6455,1.0938,-12.636,200,135.93,182,0,-1,1
9.6177,195.19,150.63,8.7089,-4.3544,6.3926,200,186.75,169.69,0,0.21141,14.076,395.92,171.84,160,4.2104,1.544,0.011986,-8.2648,162.49,156.52,-3.2481,0.9746,-12.249,200,135.88,182.05,0,-1,1
10.03,194.99,150.95,8.2372,-4.1186,6.3617,200,186.76,170.36,0,0.20735,13.355,396.14,171.93,160.01,4.4104,1.6173,0.011756,-8.4069,162.53,155.92,-2.8427,0.85296,-11.833,200,135.83,182.1,0,-1,1
10.417,194.79,151.26,7.7452,-3.8726,6.3152,200,186.77,170.99,0,0.20279,12.602,396.37,172.01,160.01,4.5997,1.6867,0.011497,-8.5284,162.57,155.36,-2.4304,0.72924,-11.388,200,135.78,182.15,0,-1,1
10.779,194.61,151.58,7.2343,-3.6171,6.2532,200,186.78,171.58,0,0.19772,11.818,396.61,172.1,160.01,4.7776,1.7519,0.011211,-8.629,162.6,154.81,-2.0121,0.60372,-10.915,200,135.73,182.2,0,-1,1
11.114,194.44,151.89,6.7056,-3.3528,6.1759,200,186.79,172.13,0,0.19218,11.004,396.86,172.19,160.01,4.9438,1.8129,0.010897,-8.7085,162.62,154.29,-1.5888,0.47672,-10.415,200,135.68,182.25,0,-1,1
11.422,194.29,152.19,6.1604,-3.0802,6.0834,200,186.8,172.64,0,0.18616,10.164,397.11,172.28,160.01,5.0979,1.8694,0.010556,-8.7665,162.64,153.79,-1.1617,0.34856,-9.8898,200,135.63,182.3,0,-1,1
11.702,194.15,152.49,5.6002,-2.8001,5.976,200,186.81,173.1,0,0.17969,9.299,397.38,172.38,160.01,5.2395,1.9213,0.010189,-8.8031,162.65,153.33,-0.73166,0.21953,-9.3402,200,135.58,182.35,0,-1,1
11.953,194.02,152.78,5.0262,-2.5131,5.8539,200,186.82,173.52,0,0.17277,8.411,397.64,172.48,160.01,5.3682,1.9685,0.0097972,-8.8181,162.66,152.89,-0.29986,0.089974,-8.7676,200,135.53,182.4,0,-1,1
12.175,193.91,153.07,4.4399,-2.22,5.7175,200,186.83,173.9,0,0.16543,7.5024,397.92,172.58,160.01,5.4838,2.0109,0.0093814,-8.8115,162.65,152.48,0.13266,-0.039806,-8.1736,200,135.48,182.45,0,-1,1
12.367,193.82,153.35,3.8427,-1.9214,5.5671,200,186.84,174.23,0,0.15769,6.5754,398.2,172.68,160.01,5.5859,2.0484,0.0089425,-8.7832,162.65,152.1,0.56487,-0.16949,-7.5595,200,135.43,182.5,0,-1,1
12.529,193.74,153.62,3.2361,-1.6181,5.403,200,186.84,174.51,0,0.14955,5.6323,398.48,172.78,160.01,5.6743,2.0808,0.0084818,-8.7335,162.63,151.76,0.99569,-0.29876,-6.9268,200,135.38,182.55,0,-1,1
12.66,193.67,153.88,2.6216,-1.3108,5.2257,200,186.85,174.74,0,0.14106,4.6754,398.77,172.89,160.01,5.7488,2.1081,0.0080002,-8.6623,162.61,151.44,1.4241,-0.42729,-6.2772,200,135.33,182.6,0,-1,1
12.76,193.62,154.13,2.0006,-1.0003,5.0356,200,186.86,174.93,0,0.13221,3.707,399.06,172.99,160.01,5.8093,2.1303,0.0074991,-8.5698,162.58,151.16,1.8489,-0.55478,-5.6122,200,135.28,182.65,0,-1,1
12.829,193.59,154.37,1.3747,-0.68735,4.8331,200,186.86,175.06,0,0.12304,2.7295,399.35,173.1,160.01,5.8554,2.1472,0.0069795,-8.4563,162.55,150.91,2.2693,-0.6809,-4.9334,200,135.23,182.7,0,-1,1
12.866,193.57,154.6,0.74544,-0.37272,4.6187,200,186.87,175.15,0,0.11357,1.7453,399.65,173.21,160.01,5.8872,2.1588,0.0064428,-8.3221,162.51,150.7,2.6841,-0.80536,-4.2425,200,135.18,182.75,0,-1,1
12.872,193.56,154.82,0.11435,-0.057175,4.3931,200,186.87,175.19,0,0.10382,0.75685,399.94,173.32,160.01,5.9046,2.1652,0.0058904,-8.1675,162.46,150.53,3.0923,-0.92784,-3.5412,200,135.13,182.8,0,-1,1
12.846,193.58,155.03,-0.51702,0.25851,4.1566,200,186.88,175.18,0,0.09382,-0.23347,400.24,173.43,160.01,5.9075,2.1663,0.0053234,-7.9929,162.41,150.38,3.4929,-1.048,-2.8312,200,135.08,182.85,0,-1,1
12.789,193.61,155.22,-1.1471,0.57356,3.91,200,186.88,175.12,0,0.083586,-1.2232,400.53,173.53,160.01,5.8959,2.162,0.0047435,-7.7986,162.35,150.28,3.8849,-1.1657,-2.1143,200,135.03,182.9,0,-1,1
12.7,193.65,155.41,-1.7744,0.8872,3.6537,200,186.89,175.01,0,0.073148,-2.21,400.82,173.64,160.01,5.8698,2.1525,0.0041518,-7.5853,162.29,150.21,4.2675,-1.2805,-1.3922,200,134.98,182.95,0,-1,1
12.58,193.71,155.58,-2.3973,1.1987,3.3885,200,186.89,174.85,0,0.06253,-3.1913,401.12,173.75,160.01,5.8293,2.1376,0.00355,-7.3533,162.22,150.18,4.6395,-1.3921,-0.66663,200,134.93,183,0,-1,1
12.429,193.79,155.73,-3.0144,1.5072,3.115,200,186.89,174.64,0,0.051758,-4.1648,401.41,173.86,160.01,5.7746,2.1175,0.0029395,-7.1033,162.14,150.18,5.0002,-1.5003,0.060532,200,134.88,183.05,0,-1,1
12.248,193.88,155.87,-3.6241,1.812,2.8339,200,186.89,174.38,0,0.04086,-5.1281,401.69,173.96,160.01,5.7057,2.0923,0.0023218,-6.8358,162.06,150.22,5.3486,-1.6049,0.78754,200,134.83,183.1,0,-1,1
12.037,193.98,156,-4.2248,2.1124,2.5458,200,186.9,174.08,0,0.029862,-6.0788,401.97,174.06,160.01,5.6227,2.0619,0.0016984,-6.5516,161.98,150.29,5.6839,-1.7055,1.5126,200,134.78,183.15,0,-1,1
11.796,194.1,156.11,-4.8152,2.4076,2.2515,200,186.9,173.73,0,0.01879,-7.0146,402.25,174.16,160.01,5.526,2.0264,0.0010709,-6.2514,161.89,150.4,6.0053,-1.8019,2.234,200,134.73,183.2,0,-1,1
11.527,194.24,156.21,-5.3938,2.6969,1.9516,200,186.9,173.33,0,0.0076721,-7.9332,402.52,174.26,160.01,5.4158,1.986,0.00044066,-5.9358,161.79,150.55,6.3119,-1.8939,2.9499,200,134.68,183.25,0,-1,1
11.229,194.39,156.29,-5.9592,2.9796,1.647,200,186.9,172.89,0,-0.0034645,-8.8323,402.78,174.36,160.01,5.2922,1.9407,-0.00019062,-5.6056,161.69,150.74,6.6031,-1.9812,3.6585,200,134.63,183.3,0,-1,1
10.903,194.55,156.36,-6.51,3.255,1.3383,200,186.9,172.4,0,-0.014593,-9.7098,403.04,174.46,160.01,5.1557,1.8906,-0.00082143,-5.2617,161.59,150.95,6.878,-2.0637,4.3582,200,134.58,183.35,0,-1,1
10.551,194.72,156.41,-7.0448,3.5224,1.0263,200,186.89,171.88,0,-0.025685,-10.564,403.29,174.55,160.01,5.0066,1.8359,-0.0014502,-4.9049,161.48,151.21,7.1361,-2.1412,5.0472,200,134.53,183.4,0,-1,1
10.173,194.91,156.45,-7.5623,3.7811,0.71183,200,186.89,171.31,0,-0.036714,-11.391,403.53,174.64,160.01,4.8451,1.7767,-0.0020755,-4.5361,161.37,151.49,7.3767,-2.2134,5.7238,200,134.48,183.45,0,-1,1
9.7696,195.12,156.47,-8.0613,4.0306,0.3956,200,186.89,170.7,0,-0.047654,-12.191,403.77,174.72,160.01,4.6718,1.7131,-0.0026956,-4.1561,161.26,151.81,7.5992,-2.2801,6.3864,200,134.43,183.5,0,-1,1
9.3426,195.33,156.47,-8.5405,4.2702,0.078403,200,186.89,170.05,0,-0.058476,-12.961,403.99,174.8,160.01,4.487,1.6454,-0.0033091,-3.766,161.14,152.16,7.803,-2.3413,7.0333,200,134.38,183.55,0,-1,1
8.8927,195.55,156.46,-8.9987,4.4994,-0.23899,200,186.88,169.36,0,-0.069155,-13.699,404.21,174.88,160.01,4.2912,1.5736,-0.0039146,-3.3666,161.02,152.55,7.9878,-2.3967,7.663,200,134.33,183.6,0,-1,1
8.4209,195.79,156.43,-9.4349,4.7175,-0.55579,200,186.88,168.64,0,-0.079664,-14.404,404.41,174.96,160.01,4.0849,1.4979,-0.0045104,-2.959,160.9,152.96,8.1529,-2.4463,8.2739,200,134.28,183.65,0,-1,1
7.9285,196.04,156.39,-9.8479,4.924,-0.87124,200,186.88,167.89,0,-0.089978,-15.073,404.6,175.03,160.01,3.8686,1.4186,-0.0050952,-2.544,160.77,153.4,8.298,-2.4898,8.8645,200,134.23,183.7,0,-1,1
7.4167,196.29,156.33,-10.237,5.1184,-1.1845,200,186.87,167.1,0,-0.10007,-15.705,404.79,175.09,160.01,3.6428,1.3358,-0.0056674,-2.1229,160.65,153.87,8.4228,-2.5273,9.4333,200,134.18,183.75,0,-1,1
6.8867,196.56,156.25,-10.601,5.3003,-1.4949,200,186.87,166.29,0,-0.10992,-16.299,404.96,175.16,160.01,3.408,1.2497,-0.0062258,-1.6966,160.52,154.37,8.5269,-2.5585,9.979,200,134.13,183.8,0,-1,1
6.3397,196.83,156.16,-10.938,5.4692,-1.8017,200,186.86,165.45,0,-0.1195,-16.853,405.11,175.22,160.01,3.1649,1.1606,-0.0067689,-1.2661,160.39,154.9,8.6102,-2.5835,10.5,200,134.08,183.85,0,-1,1
5.7773,197.11,156.06,-11.249,5.6247,-2.104,200,186.85,164.58,0,-0.12878,-17.365,405.26,175.27,160.01,2.9141,1.0686,-0.0072954,-0.83244,160.26,155.45,8.6723,-2.6021,10.996,200,134.03,183.9,0,-1,1
5.2006,197.4,155.94,-11.533,5.7664,-2.4011,200,186.85,163.69,0,-0.13775,-17.835,405.39,175.32,160.01,2.656,0.97397,-0.007804,-0.39678,160.13,156.02,8.7131,-2.6144,11.464,200,133.98,183.95,0,-1,1
4.6112,197.69,155.8,-11.788,5.8939,-2.6924,200,186.84,162.77,0,-0.14638,-18.261,405.51,175.36,160.01,2.3915,0.87697,-0.0082934,0.039844,160,156.62,8.7326,-2.6202,11.905,200,133.93,184,0,-1,1
4.0105,197.99,155.65,-12.014,6.007,-2.9771,200,186.83,161.84,0,-0.15466,-18.642,405.62,175.4,160.01,2.1211,0.77782,-0.0087626,0.47637,159.87,157.23,8.7306,-2.6196,12.316,200,133.88,184.05,0,-1,1
3.4,198.3,155.49,-12.211,6.1054,-3.2544,200,186.82,160.89,0,-0.16255,-18.978,405.71,175.43,160.01,1.8455,0.67675,-0.0092102,0.91174,159.74,157.87,8.7072,-2.6126,12.697,200,133.83,184.1,0,-1,1
2.7811,198.61,155.32,-12.378,6.1888,-3.5238,200,186.81,159.93,0,-0.17005,-19.267,405.79,175.46,160.01,1.5654,0.57403,-0.0096352,1.3449,159.61,158.52,8.6625,-2.5992,13.047,200,133.78,184.15,0,-1,1
2.1554,198.92,155.13,-12.514,6.257,-3.7846,200,186.81,158.95,0,-0.17712,-19.509,405.85,175.49,160.01,1.2814,0.4699,-0.010037,1.7747,159.48,159.19,8.5966,-2.5794,13.365,200,133.73,184.2,0,-1,1
1.5244,199.24,154.92,-12.62,6.3098,-4.036,200,186.8,157.97,0,-0.18377,-19.703,405.9,175.5,160.01,0.99434,0.36462,-0.010413,2.2002,159.35,159.87,8.5095,-2.5533,13.65,200,133.68,184.25,0,-1,1
0.88972,199.56,154.71,-12.694,6.3472,-4.2776,200,186.79,156.98,0,-0.18996,-19.848,405.94,175.52,160.01,0.70479,0.25845,-0.010765,2.6202,159.22,160.57,8.4016,-2.5209,13.901,200,133.63,184.3,0,-1,1
0.25281,199.87,154.49,-12.738,6.369,-4.5086,200,186.78,155.98,0,-0.19569,-19.945,405.96,175.53,160.01,0.41352,0.15164,-0.01109,3.0339,159.1,161.27,8.2731,-2.4823,14.119,200,133.58,184.35,0,-1,1
-0.38471,200.19,154.25,-12.75,6.3752,-4.7286,200,186.77,154.98,0,-0.20093,-19.993,405.97,175.53,160.01,0.12123,0.044456,-0.011387,3.4401,158.98,161.99,8.1243,-2.4377,14.302,200,133.53,184.4,0,-1,1
-1.0213,200.51,154,-12.732,6.3658,-4.9371,200,186.76,153.98,0,-0.20569,-19.992,405.96,175.52,160,-0.17135,-0.062834,-0.011657,3.8379,158.86,162.71,7.9555,-2.3871,14.449,200,133.48,184.45,0,-1,1
-1.6554,200.83,153.75,-12.682,6.3408,-5.1334,200,186.75,152.98,0,-0.20994,-19.942,405.93,175.52,160,-0.46351,-0.16997,-0.011898,4.2262,158.74,163.44,7.7673,-2.3306,14.562,200,133.43,184.5,0,-1,1
-2.2854,201.14,153.48,-12.6,6.3002,-5.3171,200,186.74,151.99,0,-0.21367,-19.843,405.9,175.5,160,-0.75454,-0.27669,-0.01211,4.6042,158.63,164.17,7.56,-2.2684,14.639,200,133.38,184.55,0,-1,1
-2.9098,201.45,153.21,-12.488,6.2441,-5.4878,200,186.72,151.01,0,-0.21688,-19.696,405.84,175.48,160,-1.0437,-0.38273,-0.012292,4.971,158.52,164.9,7.3341,-2.2006,14.679,200,133.33,184.6,0,-1,1
-3.5271,201.76,152.92,-12.345,6.1727,-5.645,200,186.71,150.03,0,-0.21956,-19.5,405.78,175.46,160,-1.3303,-0.48783,-0.012444,5.3255,158.41,165.64,7.0903,-2.1274,14.684,200,133.28,184.65,0,-1,1
-4.1357,202.07,152.63,-12.172,6.0862,-5.7883,200,186.7,149.07,0,-0.2217,-19.256,405.7,175.43,160,-1.6137,-0.59174,-0.012566,5.6669,158.31,166.37,6.8291,-2.0491,14.653,200,133.23,184.7,0,-1,1
-4.7342,202.37,152.34,-11.97,5.9848,-5.9175,200,186.69,148.12,0,-0.2233,-18.965,405.6,175.39,160,-1.8931,-0.69419,-0.012657,5.9945,158.21,167.1,6.5511,-1.9657,14.586,200,133.18,184.75,0,-1,1
-5.321,202.66,152.04,-11.737,5.8687,-6.0322,200,186.68,147.19,0,-0.22435,-18.628,405.49,175.35,160,-2.1678,-0.79494,-0.012717,6.3073,158.12,167.82,6.2571,-1.8774,14.483,200,133.13,184.8,0,-1,1
-5.8949,202.95,151.73,-11.476,5.7382,-6.1321,200,186.67,146.28,0,-0.22484,-18.245,405.37,175.31,160,-2.4373,-0.89375,-0.012745,6.6047,158.03,168.54,5.9477,-1.7846,14.344,200,133.08,184.85,0,-1,1
-6.4542,203.23,151.42,-11.187,5.5936,-6.2169,200,186.66,145.39,0,-0.22479,-17.817,405.24,175.26,160,-2.7007,-0.99036,-0.012742,6.8859,157.94,169.25,5.6238,-1.6874,14.171,200,133.03,184.9,0,-1,1
-6.9978,203.5,151.1,-10.871,5.4353,-6.2865,200,186.65,144.52,0,-0.22419,-17.345,405.09,175.21,160,-2.9576,-1.0845,-0.012709,7.1502,157.86,169.95,5.286,-1.5861,13.962,200,132.98,184.95,0,-1,1
-7.5241,203.76,150.79,-10.527,5.2637,-6.3406,200,186.64,143.68,0,-0.22303,-16.831,404.93,175.15,160,-3.2071,-1.1761,-0.012643,7.397,157.79,170.63,4.9353,-1.4808,13.719,200,132.93,185,0,-1,1
-8.0321,204.02,150.47,-10.158,5.0792,-6.3793,200,186.62,142.86,0,-0.22133,-16.276,404.76,175.08,160,-3.4489,-1.2647,-0.012547,7.6256,157.72,171.31,4.5725,-1.372,13.443,200,132.88,185.05,0,-1,1
-8.5203,204.26,150.15,-9.7644,4.8822,-6.4022,200,186.61,142.08,0,-0.21909,-15.68,404.57,175.02,160,-3.6821,-1.3502,-0.01242,7.8355,157.66,171.96,4.1984,-1.2597,13.134,200,132.83,185.1,0,-1,1
-8.9876,204.49,149.83,-9.3465,4.6733,-6.4095,200,186.6,141.33,0,-0.21631,-15.047,404.38,174.94,160,-3.9064,-1.4325,-0.012263,8.0262,157.6,172.6,3.8141,-1.1444,12.792,200,132.78,185.15,0,-1,1
-9.4329,204.72,149.51,-8.9057,4.4528,-6.401,200,186.59,140.61,0,-0.213,-14.376,404.17,174.87,160,-4.121,-1.5112,-0.012076,8.1972,157.55,173.22,3.4204,-1.0263,12.42,200,132.73,185.2,0,-1,1
-9.855,204.93,149.19,-8.443,4.2215,-6.3769,200,186.58,139.92,0,-0.20916,-13.67,403.95,174.79,159.99,-4.3255,-1.5862,-0.011859,8.3482,157.51,173.82,3.0183,-0.90565,12.016,200,132.68,185.25,0,-1,1
-10.253,205.13,148.87,-7.9596,3.9798,-6.3371,200,186.57,139.28,0,-0.20482,-12.93,403.73,174.71,159.99,-4.5195,-1.6573,-0.011612,8.4786,157.47,174.4,2.6089,-0.78279,11.583,200,132.63,185.3,0,-1,1
-10.626,205.31,148.56,-7.4567,3.7283,-6.2818,200,186.56,138.67,0,-0.19997,-12.159,403.49,174.62,159.99,-4.7023,-1.7243,-0.011338,8.5883,157.43,174.96,2.193,-0.65801,11.122,200,132.58,185.35,0,-1,1
-10.973,205.49,148.25,-6.9355,3.4677,-6.211,200,186.55,138.1,0,-0.19463,-11.358,403.25,174.53,159.99,-4.8736,-1.7872,-0.011035,8.6768,157.41,175.49,1.7717,-0.53161,10.634,200,132.53,185.4,0,-1,1
-11.292,205.65,147.94,-6.3973,3.1986,-6.1251,200,186.54,137.58,0,-0.18881,-10.529,403,174.44,159.99,-5.033,-1.8456,-0.010706,8.7441,157.39,176,1.3461,-0.40391,10.119,200,132.48,185.45,0,-1,1
-11.585,205.79,147.64,-5.8434,2.9217,-6.0241,200,186.53,137.09,0,-0.18253,-9.6747,402.74,174.34,159.99,-5.18,-1.8995,-0.01035,8.79,157.37,176.48,0.91723,-0.27522,9.5799,200,132.43,185.5,0,-1,1
-11.848,205.92,147.34,-5.2752,2.6376,-5.9083,200,186.52,136.65,0,-0.1758,-8.7963,402.47,174.25,159.99,-5.3143,-1.9488,-0.009969,8.8143,157.37,176.93,0.48608,-0.14585,9.0171,200,132.38,185.55,0,-1,1
-12.083,206.04,147.06,-4.694,2.347,-5.7781,200,186.52,136.26,0,-0.16864,-7.8963,402.2,174.15,159.99,-5.4356,-1.9932,-0.0095634,8.817,157.36,177.35,0.053741,-0.016125,8.4321,200,132.33,185.6,0,-1,1
-12.288,206.14,146.77,-4.1013,2.0507,-5.6336,200,186.51,135.91,0,-0.16107,-6.977,401.92,174.05,159.99,-5.5436,-2.0328,-0.0091344,8.7981,157.37,177.74,-0.37873,0.11364,7.8265,200,132.28,185.65,0,-1,1
-12.463,206.23,146.5,-3.4986,1.7493,-5.4754,200,186.5,135.61,0,-0.1531,-6.0406,401.64,173.94,159.99,-5.6379,-2.0674,-0.008683,8.7575,157.38,178.1,-0.81028,0.24312,7.2016,200,132.23,185.7,0,-1,1
-12.607,206.3,146.23,-2.8873,1.4436,-5.3037,200,186.49,135.35,0,-0.14476,-5.0893,401.36,173.84,159.99,-5.7185,-2.097,-0.0082102,8.6956,157.4,178.43,-1.2398,0.37201,6.5591,200,132.18,185.75,0,-1,1
-12.721,206.36,145.98,-2.2689,1.1344,-5.1191,200,186.49,135.15,0,-0.13606,-4.1255,401.07,173.73,159.99,-5.785,-2.1213,-0.0077174,8.6122,157.43,178.72,-1.6664,0.49999,5.9005,200,132.13,185.8,0,-1,1
-12.803,206.4,145.73,-1.6449,0.82245,-4.9218,200,186.48,134.99,0,-0.12703,-3.1517,400.77,173.62,159.99,-5.8373,-2.1405,-0.0072056,8.5078,157.46,178.98,-2.0888,0.62674,5.2274,200,132.08,185.85,0,-1,1
-12.854,206.43,145.5,-1.0169,0.50845,-4.7125,200,186.47,134.88,0,-0.11769,-2.1701,400.48,173.52,159.99,-5.8753,-2.1545,-0.0066761,8.3825,157.49,179.21,-2.5061,0.75195,4.5416,200,132.03,185.9,0,-1,1
-12.873,206.44,145.27,-0.38642,0.19321,-4.4917,200,186.47,134.82,0,-0.10806,-1.1832,400.19,173.41,159.99,-5.8989,-2.1631,-0.0061303,8.2366,157.54,179.4,-2.9173,0.87532,3.8445,200,131.98,185.95,0,-1,1
-12.861,206.43,145.06,0.24502,-0.12251,-4.2598,200,186.46,134.81,0,-0.09816,-0.19334,399.89,173.3,159.99,-5.908,-2.1665,-0.0055694,8.0706,157.59,179.56,-3.3213,0.99654,3.1381,200,131.93,186,0,-1,1
-12.817,206.41,144.86,0.87585,-0.43793,-4.0175,200,186.46,134.85,0,-0.088023,0.79695,399.6,173.19,159.99,-5.9026,-2.1645,-0.0049949,7.8847,157.64,179.68,-3.7171,1.1153,2.4239,200,131.88,186.05,0,-1,1
-12.742,206.37,144.67,1.5045,-0.75227,-3.7653,200,186.46,134.94,0,-0.077669,1.7853,399.3,173.08,159.99,-5.8828,-2.1572,-0.0044081,7.6795,157.71,179.77,-4.1039,1.2314,1.7038,200,131.83,186.1,0,-1,1
-12.636,206.32,144.5,2.1295,-1.0648,-3.5039,200,186.45,135.08,0,-0.067126,2.7693,399.01,172.98,159.99,-5.8485,-2.1447,-0.0038105,7.4555,157.77,179.81,-4.4805,1.3444,0.97957,200,131.78,186.15,0,-1,1
-12.498,206.25,144.33,2.7493,-1.3747,-3.2339,200,186.45,135.27,0,-0.056417,3.7464,398.72,172.87,159.99,-5.7999,-2.1268,-0.0032036,7.2132,157.85,179.83,-4.8462,1.4541,0.2529,200,131.73,186.2,0,-1,1
-12.33,206.16,144.19,3.3623,-1.6812,-2.9559,200,186.45,135.5,0,-0.04557,4.7144,398.43,172.77,159.99,-5.7371,-2.1038,-0.0025888,6.9532,157.92,179.8,-5.2,1.5603,-0.4744,200,131.68,186.25,0,-1,1
-12.132,206.07,144.05,3.9671,-1.9836,-2.6708,200,186.44,135.78,0,-0.034612,5.6708,398.15,172.66,159.99,-5.6602,-2.0756,-0.0019677,6.6761,158.01,179.74,-5.5411,1.6626,-1.2005,200,131.63,186.3,0,-1,1
-11.904,205.95,143.93,4.5622,-2.2811,-2.379,200,186.44,136.12,0,-0.023568,6.6133,397.87,172.56,159.99,-5.5694,-2.0423,-0.0013417,6.3827,158.09,179.65,-5.8686,1.7609,-1.9237,200,131.58,186.35,0,-1,1
-11.646,205.82,143.83,5.1461,-2.573,-2.0815,200,186.44,136.49,0,-0.012467,7.5396,397.6,172.46,159.99,-5.4649,-2.004,-0.00071245,6.0736,158.19,179.52,-6.1816,1.8548,-2.6422,200,131.53,186.4,0,-1,1
-11.36,205.68,143.74,5.7173,-2.8587,-1.7788,200,186.44,136.91,0,-0.001335,8.4474,397.33,172.36,159.99,-5.3471,-1.9608,-8.1444e-05,5.7496,158.28,179.35,-6.4795,1.9442,-3.3542,200,131.48,186.45,0,-1,1
-11.047,205.52,143.67,6.2745,-3.1373,-1.4717,200,186.44,137.38,0,0.0098001,9.3345,397.07,172.27,159.99,-5.2161,-1.9128,0.00054976,5.4116,158.39,179.14,-6.7616,2.0288,-4.0579,200,131.43,186.5,0,-1,1
-10.706,205.35,143.61,6.8164,-3.4082,-1.1611,200,186.44,137.89,0,0.020911,10.199,396.82,172.17,159.99,-5.0724,-1.86,0.0011796,5.0602,158.49,178.91,-7.027,2.1085,-4.7517,200,131.38,186.55,0,-1,1
-10.339,205.17,143.57,7.3415,-3.6707,-0.8476,200,186.45,138.44,0,0.031971,11.038,396.57,172.08,159.99,-4.9162,-1.8028,0.0018066,4.6964,158.6,178.64,-7.2752,2.1829,-5.4339,200,131.33,186.6,0,-1,1
-9.9463,204.97,143.54,7.8486,-3.9243,-0.53203,200,186.45,139.04,0,0.042952,11.85,396.33,172,159.99,-4.7479,-1.7411,0.0024291,4.3212,158.71,178.33,-7.5056,2.252,-6.1027,200,131.28,186.65,0,-1,1
-9.5295,204.76,143.53,8.3365,-4.1682,-0.21516,200,186.45,139.67,0,0.053829,12.633,396.1,171.91,159.99,-4.568,-1.6751,0.0030457,3.9353,158.83,177.99,-7.7175,2.3156,-6.7566,200,131.23,186.7,0,-1,1
-9.0893,204.54,143.53,8.8039,-4.4019,0.10225,200,186.45,140.34,0,0.064573,13.385,395.89,171.83,159.99,-4.3769,-1.605,0.0036548,3.5398,158.95,177.62,-7.9105,2.3736,-7.3939,200,131.18,186.75,0,-1,1
-8.6268,204.31,143.56,9.2497,-4.6249,0.4194,200,186.46,141.04,0,0.075158,14.104,395.68,171.75,159.99,-4.1751,-1.531,0.0042549,3.1356,159.07,177.22,-8.0842,2.4257,-8.013,200,131.13,186.8,0,-1,1
-8.1432,204.07,143.59,9.6729,-4.8364,0.73552,200,186.46,141.78,0,0.08556,14.789,395.48,171.68,159.99,-3.963,-1.4532,0.0048446,2.7237,159.19,176.79,-8.238,2.4718,-8.6125,200,131.08,186.85,0,-1,1
-7.6395,203.82,143.64,10.072,-5.0361,1.0498,200,186.47,142.55,0,0.095751,15.437,395.29,171.61,159.99,-3.7412,-1.3719,0.0054224,2.3051,159.32,176.33,-8.3716,2.5119,-9.1909,200,131.03,186.9,0,-1,1
-7.1172,203.56,143.71,10.447,-5.2235,1.3616,200,186.47,143.36,0,0.10571,16.048,395.12,171.55,159.99,-3.5103,-1.2872,0.005987,1.8809,159.45,175.84,-8.4846,2.5458,-9.7468,200,130.98,186.95,0,-1,1
-6.5774,203.29,143.8,10.796,-5.3981,1.67,200,186.48,144.19,0,0.11541,16.619,394.95,171.49,159.99,-3.2707,-1.1994,0.0065368,1.452,159.57,175.33,-8.5769,2.5735,-10.279,200,130.93,187,0,-1,1
-6.0215,203.01,143.89,11.119,-5.5594,1.9743,200,186.48,145.04,0,0.12482,17.149,394.8,171.43,159.99,-3.0231,-1.1086,0.0070706,1.0196,159.7,174.79,-8.6481,2.5949,-10.785,200,130.88,187.05,0,-1,1
-5.4508,202.73,144.01,11.414,-5.707,2.2738,200,186.49,145.93,0,0.13393,17.638,394.66,171.38,159.99,-2.7681,-1.015,0.0075871,0.5847,159.83,174.23,-8.6981,2.6099,-11.266,200,130.83,187.1,0,-1,1
-4.8667,202.43,144.14,11.681,-5.8407,2.5677,200,186.5,146.83,0,0.14271,18.083,394.54,171.34,159.99,-2.5063,-0.91905,0.008085,0.14836,159.97,173.64,-8.7268,2.6185,-11.718,200,130.78,187.15,0,-1,1
-4.2707,202.14,144.28,11.92,-5.9601,2.8553,200,186.51,147.75,0,0.15114,18.484,394.43,171.3,159.99,-2.2383,-0.82079,0.008563,-0.28835,160.1,173.04,-8.7341,2.6207,-12.142,200,130.73,187.2,0,-1,1
-3.6642,201.83,144.44,12.13,-6.0648,3.1359,200,186.51,148.7,0,0.1592,18.839,394.33,171.26,159.99,-1.9649,-0.72052,0.00902,-0.72434,160.23,172.41,-8.7199,2.6164,-12.536,200,130.68,187.25,0,-1,1
-3.0487,201.52,144.61,12.309,-6.1547,3.4088,200,186.52,149.65,0,0.16687,19.148,394.24,171.23,159.99,-1.6866,-0.61848,0.0094549,-1.1586,160.36,171.76,-8.6844,2.6058,-12.9,200,130.63,187.3,0,-1,1
-2.4258,201.21,144.79,12.459,-6.2294,3.6733,200,186.53,150.62,0,0.17413,19.41,394.17,171.2,159.99,-1.4042,-0.51493,0.0098667,-1.5899,160.49,171.1,-8.6276,2.5887,-13.232,200,130.58,187.35,0,-1,1
-1.7969,200.9,144.99,12.578,-6.2889,3.9288,200,186.54,151.61,0,0.18096,19.625,394.12,171.18,159.99,-1.1184,-0.41011,0.010254,-2.0174,160.62,170.43,-8.5496,2.5653,-13.531,200,130.53,187.4,0,-1,1
-1.1636,200.58,145.2,12.666,-6.333,4.1747,200,186.55,152.59,0,0.18735,19.792,394.08,171.17,159.99,-0.82981,-0.30429,0.010617,-2.44,160.74,169.74,-8.4506,2.5356,-13.797,200,130.48,187.45,0,-1,1
-0.52743,200.26,145.42,12.723,-6.3615,4.4104,200,186.56,153.59,0,0.19328,19.91,394.05,171.16,159.99,-0.5392,-0.19772,0.010953,-2.8565,160.87,169.03,-8.331,2.4997,-14.029,200,130.43,187.5,0,-1,1
0.11002,199.94,145.65,12.749,-6.3745,4.6352,200,186.57,154.59,0,0.19873,19.979,394.04,171.15,159.99,-0.24726,-0.090671,0.011262,-3.266,160.99,168.32,-8.1908,2.4577,-14.227,200,130.38,187.55,0,-1,1
0.7472,199.63,145.89,12.744,-6.3718,4.8487,200,186.58,155.59,0,0.2037,19.999,394.04,171.15,159.99,0.045281,0.016604,0.011544,-3.6676,161.11,167.6,-8.0306,2.4096,-14.39,200,130.33,187.6,0,-1,1
1.3825,199.31,146.14,12.707,-6.3535,5.0503,200,186.59,156.59,0,0.20817,19.97,394.05,171.16,160,0.33771,0.12384,0.011798,-4.0601,161.23,166.88,-7.8507,2.3556,-14.518,200,130.28,187.65,0,-1,1
2.0145,198.99,146.4,12.639,-6.3196,5.2395,200,186.6,157.58,0,0.21212,19.892,394.09,171.17,160,0.62932,0.23077,0.012022,-4.4427,161.34,166.15,-7.6516,2.2959,-14.61,200,130.23,187.7,0,-1,1
2.6415,198.68,146.68,12.54,-6.2701,5.4158,200,186.61,158.57,0,0.21556,19.765,394.13,171.19,160,0.91938,0.33714,0.012218,-4.8144,161.45,165.41,-7.4337,2.2305,-14.666,200,130.18,187.75,0,-1,1
3.262,198.37,146.95,12.411,-6.2054,5.5789,200,186.62,159.55,0,0.21847,19.59,394.19,171.21,160,1.2072,0.44267,0.012383,-5.1743,161.56,164.68,-7.1975,2.1596,-14.686,200,130.13,187.8,0,-1,1
3.8746,198.06,147.24,12.251,-6.1254,5.7283,200,186.63,160.52,0,0.22084,19.367,394.27,171.24,160,1.492,0.54713,0.012517,-5.5214,161.67,163.95,-6.9437,2.0835,-14.671,200,130.08,187.85,0,-1,1
4.4776,197.76,147.53,12.061,-6.0303,5.8636,200,186.64,161.47,0,0.22268,19.096,394.36,171.27,160,1.7732,0.65024,0.012622,-5.8551,161.77,163.21,-6.6729,2.0022,-14.619,200,130.03,187.9,0,-1,1
5.0697,197.47,147.83,11.841,-5.9205,5.9846,200,186.65,162.41,0,0.22396,18.779,394.46,171.31,160,2.0501,0.75175,0.012695,-6.1744,161.86,162.49,-6.3857,1.916,-14.531,200,129.98,187.95,0,-1,1
5.6493,197.18,148.14,11.592,-5.7962,6.0908,200,186.67,163.33,0,0.2247,18.415,394.57,171.35,160,2.3219,0.85143,0.012737,-6.4785,161.95,161.77,-6.0829,1.8252,-14.408,200,129.93,188,0,-1,1
6.2151,196.89,148.45,11.315,-5.6576,6.1822,200,186.68,164.23,0,0.22488,18.007,394.7,171.4,160,2.588,0.94901,0.012747,-6.7668,162.04,161.06,-5.7651,1.7298,-14.25,200,129.88,188.05,0,-1,1
6.7656,196.62,148.76,11.01,-5.5052,6.2584,200,186.69,165.11,0,0.22451,17.554,394.85,171.45,160,2.8477,1.0443,0.012727,-7.0384,162.12,160.35,-5.4332,1.6302,-14.056,200,129.83,188.1,0,-1,1
7.2995,196.35,149.08,10.679,-5.3393,6.3192,200,186.7,165.96,0,0.2236,17.058,395,171.51,160,3.1005,1.137,0.012675,-7.2928,162.2,159.66,-5.088,1.5266,-13.828,200,129.78,188.15,0,-1,1
7.8155,196.09,149.39,10.321,-5.1603,6.3645,200,186.71,166.79,0,0.22213,16.52,395.17,171.57,160,3.3457,1.2269,0.012592,-7.5293,162.27,158.98,-4.7302,1.4193,-13.566,200,129.73,188.2,0,-1,1
8.3124,195.84,149.71,9.9372,-4.9686,6.3942,200,186.72,167.59,0,0.22012,15.942,395.35,171.63,160,3.5827,1.3138,0.012479,-7.7474,162.33,158.32,-4.3609,1.3085,-13.271,200,129.68,188.25,0,-1,1
8.7889,195.61,150.03,9.5295,-4.7647,6.4083,200,186.73,168.35,0,0.21757,15.324,395.54,171.7,160,3.8109,1.3974,0.012335,-7.9464,162.39,157.67,-3.9809,1.1945,-12.943,200,129.63,188.3,0,-1,1
9.2438,195.38,150.35,9.0984,-4.5492,6.4066,200,186.74,169.09,0,0.21449,14.669,395.74,171.78,160,4.0297,1.4777,0.01216,-8.126,162.45,157.04,-3.5911,1.0775,-12.584,200,129.58,188.35,0,-1,1
9.676,195.16,150.67,8.645,-4.3225,6.3892,200,186.75,169.79,0,0.21088,13.978,395.95,171.86,160,4.2387,1.5543,0.011956,-8.2856,162.5,156.43,-3.1926,0.95793,-12.194,200,129.53,188.4,0,-1,1
10.085,194.96,150.99,8.1704,-4.0852,6.3562,200,186.76,170.45,0,0.20675,13.253,396.17,171.94,160.01,4.4372,1.6271,0.011722,-8.4249,162.54,155.84,-2.7862,0.83599,-11.774,200,129.48,188.45,0,-1,1
10.468,194.77,151.31,7.6757,-3.8379,6.3075,200,186.77,171.07,0,0.20212,12.495,396.4,172.02,160.01,4.6249,1.696,0.01146,-8.5436,162.57,155.28,-2.3729,0.71199,-11.324,200,129.43,188.5,0,-1,1
10.826,194.59,151.62,7.1622,-3.5811,6.2434,200,186.78,171.66,0,0.19699,11.707,396.64,172.11,160.01,4.8013,1.7606,0.011169,-8.6413,162.6,154.74,-1.9539,0.58625,-10.848,200,129.38,188.55,0,-1,1
11.158,194.42,151.93,6.6312,-3.3156,6.164,200,186.79,172.2,0,0.19137,10.89,396.89,172.2,160.01,4.9658,1.821,0.010851,-8.7178,162.63,154.22,-1.53,0.45908,-10.344,200,129.33,188.6,0,-1,1
11.462,194.27,152.23,6.0839,-3.0419,6.0694,200,186.8,172.71,0,0.18529,10.046,397.15,172.29,160.01,5.1182,1.8768,0.010507,-8.7729,162.64,153.73,-1.1024,0.33077,-9.8153,200,129.28,188.65,0,-1,1
11.738,194.13,152.53,5.5217,-2.7608,5.96,200,186.81,173.16,0,0.17876,9.1776,397.41,172.39,160.01,5.258,1.9281,0.010136,-8.8065,162.65,153.26,-0.67208,0.20166,-9.2624,200,129.23,188.7,0,-1,1
